<?xml version="1.0" encoding="UTF-8"?><InteractionHistory Id="local-7" Version="1"><InteractionEvent Delta="null" EndDate="2012-01-17 08:19:34.717 CET" Interest="269.917" Kind="propagation" Navigation="org.eclipse.mylyn.core.model.edges.containment" OriginId="org.eclipse.mylyn.core.model.interest.propagation" StartDate="2012-01-14 20:20:13.361 CET" StructureHandle="" StructureKind="java" NumEvents="364" CreationCount="1"/><InteractionEvent Delta="null" EndDate="2012-01-14 22:39:48.269 CET" Interest="6.4400005" Kind="propagation" Navigation="org.eclipse.mylyn.core.model.edges.containment" OriginId="org.eclipse.mylyn.core.model.interest.propagation" StartDate="2012-01-14 20:51:19.72 CET" StructureHandle="/android.jiten/bin" StructureKind="resource" NumEvents="3" CreationCount="66"/><InteractionEvent Delta="null" EndDate="2012-01-17 08:19:34.639 CET" Interest="41.699997" Kind="propagation" Navigation="org.eclipse.mylyn.core.model.edges.containment" OriginId="org.eclipse.mylyn.core.model.interest.propagation" StartDate="2012-01-16 19:16:52.503 CET" StructureHandle="/indexer/res" StructureKind="resource" NumEvents="54" CreationCount="529"/><InteractionEvent Delta="null" EndDate="2012-01-17 08:19:34.639 CET" Interest="13.0" Kind="selection" Navigation="null" OriginId="org.eclipse.jdt.ui.PackageExplorer" StartDate="2012-01-16 19:16:52.503 CET" StructureHandle="/indexer/res/JMdict.dtd" StructureKind="resource" NumEvents="13" CreationCount="529"/><InteractionEvent Delta="null" EndDate="2012-01-17 08:19:12.737 CET" Interest="41.0" Kind="edit" Navigation="null" OriginId="org.eclipse.wst.dtd.core.dtdsource.source" StartDate="2012-01-16 19:16:52.534 CET" StructureHandle="/indexer/res/JMdict.dtd" StructureKind="resource" NumEvents="41" CreationCount="529"/><InteractionEvent Delta="null" EndDate="2012-01-17 08:19:35.653 CET" Interest="55.0" Kind="propagation" Navigation="null" OriginId="org.eclipse.jdt.ui.PackageExplorer" StartDate="2012-01-16 19:16:52.503 CET" StructureHandle="/indexer" StructureKind="resource" NumEvents="55" CreationCount="529"/><InteractionEvent Delta="null" EndDate="2012-01-14 22:39:48.268 CET" Interest="1.0" Kind="propagation" Navigation="org.eclipse.mylyn.core.model.edges.containment" OriginId="org.eclipse.mylyn.core.model.interest.propagation" StartDate="2012-01-14 22:39:48.268 CET" StructureHandle="/android.jiten/bin/res/drawable-ldpi" StructureKind="resource"/><InteractionEvent Delta="null" EndDate="2012-01-17 08:19:34.717 CET" Interest="2.0" Kind="selection" Navigation="null" OriginId="org.eclipse.jdt.ui.PackageExplorer" StartDate="2012-01-14 22:19:01.417 CET" StructureHandle="=android.jiten" StructureKind="java" NumEvents="2" CreationCount="1"/><InteractionEvent Delta="null" EndDate="2012-01-17 08:17:35.424 CET" Interest="267.917" Kind="propagation" Navigation="org.eclipse.mylyn.core.model.edges.containment" OriginId="org.eclipse.mylyn.core.model.interest.propagation" StartDate="2012-01-14 20:20:13.361 CET" StructureHandle="=android.jiten" StructureKind="java" NumEvents="362" CreationCount="1"/><InteractionEvent Delta="null" EndDate="2012-01-14 22:19:04.567 CET" Interest="1.0" Kind="prediction" Navigation="null" OriginId="org.eclipse.mylyn.resources.ui.interest.updater" StartDate="2012-01-14 22:19:04.567 CET" StructureHandle="/android.jiten/res/drawable-ldpi/icon.png" StructureKind="resource"/><InteractionEvent Delta="null" EndDate="2012-01-14 21:14:57.321 CET" Interest="1.0" Kind="propagation" Navigation="null" OriginId="org.eclipse.jdt.ui.PackageExplorer" StartDate="2012-01-14 21:14:57.321 CET" StructureHandle="/iosched" StructureKind="resource"/><InteractionEvent Delta="null" EndDate="2012-01-14 21:14:56.219 CET" Interest="1.0" Kind="selection" Navigation="null" OriginId="org.eclipse.jdt.ui.PackageExplorer" StartDate="2012-01-14 21:14:56.219 CET" StructureHandle="=mylyn-tasks" StructureKind="java"/><InteractionEvent Delta="null" EndDate="2012-01-14 21:14:56.219 CET" Interest="1.0" Kind="propagation" Navigation="null" OriginId="org.eclipse.jdt.ui.PackageExplorer" StartDate="2012-01-14 21:14:56.219 CET" StructureHandle="/mylyn-tasks" StructureKind="resource"/><InteractionEvent Delta="null" EndDate="2012-01-14 22:39:48.268 CET" Interest="1.0" Kind="propagation" Navigation="org.eclipse.mylyn.core.model.edges.containment" OriginId="org.eclipse.mylyn.core.model.interest.propagation" StartDate="2012-01-14 22:39:48.268 CET" StructureHandle="/android.jiten/bin/res" StructureKind="resource"/><InteractionEvent Delta="null" EndDate="2012-01-17 08:17:35.424 CET" Interest="268.917" Kind="propagation" Navigation="org.eclipse.mylyn.core.model.edges.containment" OriginId="org.eclipse.mylyn.core.model.interest.propagation" StartDate="2012-01-14 20:20:13.361 CET" StructureHandle="/android.jiten/res" StructureKind="resource" NumEvents="373" CreationCount="1"/><InteractionEvent Delta="null" EndDate="2012-01-14 22:17:55.722 CET" Interest="1.0" Kind="selection" Navigation="null" OriginId="org.eclipse.jdt.ui.PackageExplorer" StartDate="2012-01-14 22:17:55.722 CET" StructureHandle="/android.jiten/res/drawable-ldpi" StructureKind="resource"/><InteractionEvent Delta="null" EndDate="2012-01-14 22:19:04.573 CET" Interest="0.01700002" Kind="propagation" Navigation="org.eclipse.mylyn.core.model.edges.containment" OriginId="org.eclipse.mylyn.core.model.interest.propagation" StartDate="2012-01-14 22:19:04.573 CET" StructureHandle="/android.jiten/res/drawable-ldpi" StructureKind="resource"/><InteractionEvent Delta="null" EndDate="2012-01-14 22:39:48.267 CET" Interest="3.0" Kind="prediction" Navigation="null" OriginId="org.eclipse.mylyn.resources.ui.interest.updater" StartDate="2012-01-14 20:51:19.72 CET" StructureHandle="/android.jiten/bin/resources.ap_" StructureKind="resource" NumEvents="3" CreationCount="66"/><InteractionEvent Delta="null" EndDate="2012-01-17 08:19:34.717 CET" Interest="634.0" Kind="propagation" Navigation="null" OriginId="org.eclipse.jdt.ui.PackageExplorer" StartDate="2012-01-14 20:20:13.361 CET" StructureHandle="/android.jiten" StructureKind="resource" NumEvents="634" CreationCount="1"/><InteractionEvent Delta="null" EndDate="2012-01-14 21:14:57.321 CET" Interest="1.0" Kind="selection" Navigation="null" OriginId="org.eclipse.jdt.ui.PackageExplorer" StartDate="2012-01-14 21:14:57.321 CET" StructureHandle="=iosched" StructureKind="java"/><InteractionEvent Delta="null" EndDate="2012-01-14 22:39:48.266 CET" Interest="3.0" Kind="prediction" Navigation="null" OriginId="org.eclipse.mylyn.resources.ui.interest.updater" StartDate="2012-01-14 20:51:19.72 CET" StructureHandle="/android.jiten/bin/classes.dex" StructureKind="resource" NumEvents="3" CreationCount="66"/><InteractionEvent Delta="null" EndDate="2012-01-14 22:39:48.267 CET" Interest="1.0" Kind="prediction" Navigation="null" OriginId="org.eclipse.mylyn.resources.ui.interest.updater" StartDate="2012-01-14 22:39:48.267 CET" StructureHandle="/android.jiten/bin/res/drawable-ldpi/icon.png" StructureKind="resource"/><InteractionEvent Delta="null" EndDate="2012-01-14 22:36:27.172 CET" Interest="120.0" Kind="propagation" Navigation="org.eclipse.mylyn.core.model.edges.containment" OriginId="org.eclipse.mylyn.core.model.interest.propagation" StartDate="2012-01-14 20:20:13.361 CET" StructureHandle="/android.jiten/res/drawable" StructureKind="resource" NumEvents="159" CreationCount="1"/><InteractionEvent Delta="null" EndDate="2012-01-14 20:44:50.166 CET" Interest="1.0" Kind="selection" Navigation="null" OriginId="org.eclipse.jdt.ui.PackageExplorer" StartDate="2012-01-14 20:44:50.166 CET" StructureHandle="/android.jiten/res/layout" StructureKind="resource"/><InteractionEvent Delta="null" EndDate="2012-01-17 08:17:35.424 CET" Interest="267.849" Kind="propagation" Navigation="org.eclipse.mylyn.core.model.edges.containment" OriginId="org.eclipse.mylyn.core.model.interest.propagation" StartDate="2012-01-14 20:20:16.892 CET" StructureHandle="/android.jiten/res/layout" StructureKind="resource" NumEvents="353" CreationCount="5"/><InteractionEvent Delta="null" EndDate="2012-01-14 22:39:48.266 CET" Interest="3.0" Kind="prediction" Navigation="null" OriginId="org.eclipse.mylyn.resources.ui.interest.updater" StartDate="2012-01-14 20:51:19.72 CET" StructureHandle="/android.jiten/bin/android.jiten.apk" StructureKind="resource" NumEvents="3" CreationCount="66"/><InteractionEvent Delta="null" EndDate="2012-01-14 21:32:57.333 CET" Interest="14.0" Kind="selection" Navigation="null" OriginId="org.eclipse.jdt.ui.PackageExplorer" StartDate="2012-01-14 20:45:46.891 CET" StructureHandle="/android.jiten/res/layout/view_separator.xml" StructureKind="resource" NumEvents="14" CreationCount="8"/><InteractionEvent Delta="null" EndDate="2012-01-14 20:45:46.518 CET" Interest="1.0" Kind="propagation" Navigation="null" OriginId="org.eclipse.mylyn.resources.ui.interest.updater" StartDate="2012-01-14 20:45:46.518 CET" StructureHandle="/android.jiten/res/layout/view_separator.xml" StructureKind="resource"/><InteractionEvent Delta="null" EndDate="2012-01-14 21:19:00.942 CET" Interest="39.0" Kind="edit" Navigation="null" OriginId="com.android.ide.eclipse.editors.layout.LayoutEditor" StartDate="2012-01-14 20:46:52.311 CET" StructureHandle="/android.jiten/res/layout/view_separator.xml" StructureKind="resource" NumEvents="39" CreationCount="8"/><InteractionEvent Delta="null" EndDate="2012-01-14 22:15:25.426 CET" Interest="1.0" Kind="selection" Navigation="null" OriginId="org.eclipse.jdt.ui.PackageExplorer" StartDate="2012-01-14 22:15:25.426 CET" StructureHandle="/android.jiten/res/drawable-mdpi" StructureKind="resource"/><InteractionEvent Delta="null" EndDate="2012-01-14 22:19:04.568 CET" Interest="0.03399998" Kind="propagation" Navigation="org.eclipse.mylyn.core.model.edges.containment" OriginId="org.eclipse.mylyn.core.model.interest.propagation" StartDate="2012-01-14 22:19:04.568 CET" StructureHandle="/android.jiten/res/drawable-mdpi" StructureKind="resource"/><InteractionEvent Delta="null" EndDate="2012-01-17 08:19:35.653 CET" Interest="691.0" Kind="propagation" Navigation="null" OriginId="org.eclipse.jdt.ui.PackageExplorer" StartDate="2012-01-14 20:20:13.361 CET" StructureHandle="/" StructureKind="resource" NumEvents="691" CreationCount="1"/><InteractionEvent Delta="null" EndDate="2012-01-14 22:19:04.567 CET" Interest="1.0" Kind="prediction" Navigation="null" OriginId="org.eclipse.mylyn.resources.ui.interest.updater" StartDate="2012-01-14 22:19:04.567 CET" StructureHandle="/android.jiten/res/drawable-mdpi/icon.png" StructureKind="resource"/><InteractionEvent Delta="null" EndDate="2012-01-14 22:36:27.56 CET" Interest="29.0" Kind="selection" Navigation="null" OriginId="com.android.ide.eclipse.editors.drawable.DrawableEditor" StartDate="2012-01-14 20:20:13.361 CET" StructureHandle="/android.jiten/res/drawable/separator_gradient.xml" StructureKind="resource" NumEvents="29" CreationCount="1"/><InteractionEvent Delta="null" EndDate="2012-01-14 22:36:27.172 CET" Interest="130.0" Kind="edit" Navigation="null" OriginId="com.android.ide.eclipse.editors.drawable.DrawableEditor" StartDate="2012-01-14 20:48:00.724 CET" StructureHandle="/android.jiten/res/drawable/separator_gradient.xml" StructureKind="resource" NumEvents="130" CreationCount="1"/><InteractionEvent Delta="null" EndDate="2012-01-16 19:18:04.700 CET" Interest="18.0" Kind="selection" Navigation="null" OriginId="com.android.ide.eclipse.editors.layout.LayoutEditor" StartDate="2012-01-14 22:38:04.224 CET" StructureHandle="/android.jiten/res/layout/search_result_entry.xml" StructureKind="resource" NumEvents="18" CreationCount="370"/><InteractionEvent Delta="null" EndDate="2012-01-16 19:18:16.338 CET" Interest="37.0" Kind="edit" Navigation="null" OriginId="com.android.ide.eclipse.editors.layout.LayoutEditor" StartDate="2012-01-14 22:38:04.261 CET" StructureHandle="/android.jiten/res/layout/search_result_entry.xml" StructureKind="resource" NumEvents="37" CreationCount="370"/><InteractionEvent Delta="null" EndDate="2012-01-17 08:14:24.464 CET" Interest="75.0" Kind="selection" Navigation="null" OriginId="com.android.ide.eclipse.editors.layout.LayoutEditor" StartDate="2012-01-14 20:20:16.892 CET" StructureHandle="/android.jiten/res/layout/activity_entry.xml" StructureKind="resource" NumEvents="75" CreationCount="2"/><InteractionEvent Delta="null" EndDate="2012-01-17 08:17:35.424 CET" Interest="277.0" Kind="edit" Navigation="null" OriginId="com.android.ide.eclipse.editors.layout.LayoutEditor" StartDate="2012-01-14 20:20:17.157 CET" StructureHandle="/android.jiten/res/layout/activity_entry.xml" StructureKind="resource" NumEvents="277" CreationCount="2"/><InteractionEvent Delta="null" EndDate="2012-01-17 08:19:35.653 CET" Interest="1.0" Kind="selection" Navigation="null" OriginId="org.eclipse.jdt.ui.PackageExplorer" StartDate="2012-01-17 08:19:35.653 CET" StructureHandle="=indexer" StructureKind="java"/><InteractionEvent Delta="null" EndDate="2012-01-17 08:19:34.639 CET" Interest="41.699997" Kind="propagation" Navigation="org.eclipse.mylyn.core.model.edges.containment" OriginId="org.eclipse.mylyn.core.model.interest.propagation" StartDate="2012-01-16 19:16:52.503 CET" StructureHandle="=indexer" StructureKind="java" NumEvents="54" CreationCount="529"/></InteractionHistory>