<?xml version="1.0" encoding="UTF-8"?><InteractionHistory Id="local-2" Version="1"><InteractionEvent Delta="null" EndDate="2012-01-14 18:12:58.266 CET" Interest="154.09999" Kind="propagation" Navigation="org.eclipse.mylyn.core.model.edges.containment" OriginId="org.eclipse.mylyn.core.model.interest.propagation" StartDate="2012-01-14 16:44:38.310 CET" StructureHandle="" StructureKind="java" NumEvents="215" CreationCount="1"/><InteractionEvent Delta="null" EndDate="2012-01-14 17:07:17.833 CET" Interest="1.0" Kind="selection" Navigation="null" OriginId="org.eclipse.jdt.ui.CompilationUnitEditor" StartDate="2012-01-14 17:07:17.833 CET" StructureHandle="=android.jiten/src&amp;lt;android.jiten.adapter{ResultAdapter.java[ResultAdapter~getGloss~QEntry;" StructureKind="java"/><InteractionEvent Delta="null" EndDate="2012-01-14 17:41:37.450 CET" Interest="2.0" Kind="propagation" Navigation="org.eclipse.mylyn.core.model.edges.containment" OriginId="org.eclipse.mylyn.core.model.interest.propagation" StartDate="2012-01-14 17:07:49.849 CET" StructureHandle="/android.jiten/bin" StructureKind="resource" NumEvents="2" CreationCount="214"/><InteractionEvent Delta="null" EndDate="2012-01-14 18:15:11.839 CET" Interest="21.861" Kind="propagation" Navigation="org.eclipse.mylyn.core.model.edges.containment" OriginId="org.eclipse.mylyn.core.model.interest.propagation" StartDate="2012-01-14 17:03:24.89 CET" StructureHandle="=android.jiten/src&amp;lt;android.jiten.adapter{ResultAdapter.java" StructureKind="java" NumEvents="32" CreationCount="131"/><InteractionEvent Delta="null" EndDate="2012-01-14 18:12:58.455 CET" Interest="4.0" Kind="selection" Navigation="null" OriginId="org.eclipse.jdt.ui.CompilationUnitEditor" StartDate="2012-01-14 17:03:09.291 CET" StructureHandle="=android.jiten/src&amp;lt;android.jiten.adapter{ResultAdapter.java" StructureKind="java" NumEvents="4" CreationCount="131"/><InteractionEvent Delta="null" EndDate="2012-01-14 18:15:09.213 CET" Interest="5.0" Kind="selection" Navigation="null" OriginId="org.eclipse.jdt.ui.CompilationUnitEditor" StartDate="2012-01-14 17:04:47.931 CET" StructureHandle="=android.jiten/src&amp;lt;android.jiten.adapter{ResultAdapter.java[ResultAdapter~getReading~QEntry;" StructureKind="java" NumEvents="5" CreationCount="164"/><InteractionEvent Delta="null" EndDate="2012-01-14 18:15:07.341 CET" Interest="29.0" Kind="edit" Navigation="null" OriginId="org.eclipse.jdt.ui.CompilationUnitEditor" StartDate="2012-01-14 17:04:48.747 CET" StructureHandle="=android.jiten/src&amp;lt;android.jiten.adapter{ResultAdapter.java[ResultAdapter~getReading~QEntry;" StructureKind="java" NumEvents="29" CreationCount="164"/><InteractionEvent Delta="null" EndDate="2012-01-14 18:13:00.261 CET" Interest="1.0" Kind="selection" Navigation="null" OriginId="org.eclipse.jdt.ui.CompilationUnitEditor" StartDate="2012-01-14 18:13:00.261 CET" StructureHandle="=android.jiten/src&amp;lt;android.jiten.adapter{ResultAdapter.java[ResultAdapter~ResultAdapter~QLayoutInflater;" StructureKind="java"/><InteractionEvent Delta="null" EndDate="2012-01-14 17:00:42.638 CET" Interest="1.0" Kind="selection" Navigation="null" OriginId="org.eclipse.jdt.ui.PackageExplorer" StartDate="2012-01-14 17:00:42.638 CET" StructureHandle="=android.jiten" StructureKind="java"/><InteractionEvent Delta="null" EndDate="2012-01-14 18:12:58.266 CET" Interest="153.09999" Kind="propagation" Navigation="org.eclipse.mylyn.core.model.edges.containment" OriginId="org.eclipse.mylyn.core.model.interest.propagation" StartDate="2012-01-14 16:44:38.310 CET" StructureHandle="=android.jiten" StructureKind="java" NumEvents="214" CreationCount="1"/><InteractionEvent Delta="null" EndDate="2012-01-14 18:12:58.266 CET" Interest="154.09999" Kind="propagation" Navigation="org.eclipse.mylyn.core.model.edges.containment" OriginId="org.eclipse.mylyn.core.model.interest.propagation" StartDate="2012-01-14 16:44:38.310 CET" StructureHandle="/android.jiten/res" StructureKind="resource" NumEvents="215" CreationCount="1"/><InteractionEvent Delta="null" EndDate="2012-01-14 17:41:37.450 CET" Interest="2.0" Kind="prediction" Navigation="null" OriginId="org.eclipse.mylyn.resources.ui.interest.updater" StartDate="2012-01-14 17:07:49.849 CET" StructureHandle="/android.jiten/bin/resources.ap_" StructureKind="resource" NumEvents="2" CreationCount="214"/><InteractionEvent Delta="null" EndDate="2012-01-14 18:15:11.838 CET" Interest="96.0" Kind="propagation" Navigation="org.eclipse.mylyn.core.model.edges.containment" OriginId="org.eclipse.mylyn.core.model.interest.propagation" StartDate="2012-01-14 17:03:09.291 CET" StructureHandle="/android.jiten/src/android/jiten/adapter" StructureKind="resource" NumEvents="96" CreationCount="131"/><InteractionEvent Delta="null" EndDate="2012-01-14 18:15:11.841 CET" Interest="318.0" Kind="propagation" Navigation="null" OriginId="org.eclipse.jdt.ui.CompilationUnitEditor" StartDate="2012-01-14 16:44:38.310 CET" StructureHandle="/android.jiten" StructureKind="resource" NumEvents="318" CreationCount="1"/><InteractionEvent Delta="null" EndDate="2012-01-14 18:15:11.839 CET" Interest="25.861" Kind="propagation" Navigation="org.eclipse.mylyn.core.model.edges.containment" OriginId="org.eclipse.mylyn.core.model.interest.propagation" StartDate="2012-01-14 17:03:09.291 CET" StructureHandle="=android.jiten/src&amp;lt;android.jiten.adapter" StructureKind="java" NumEvents="36" CreationCount="131"/><InteractionEvent Delta="null" EndDate="2012-01-14 18:15:11.840 CET" Interest="25.861" Kind="propagation" Navigation="org.eclipse.mylyn.core.model.edges.containment" OriginId="org.eclipse.mylyn.core.model.interest.propagation" StartDate="2012-01-14 17:03:09.292 CET" StructureHandle="=android.jiten/src" StructureKind="java" NumEvents="36" CreationCount="131"/><InteractionEvent Delta="null" EndDate="2012-01-14 18:15:07.953 CET" Interest="6.0" Kind="selection" Navigation="null" OriginId="org.eclipse.jdt.ui.CompilationUnitEditor" StartDate="2012-01-14 17:03:15.354 CET" StructureHandle="=android.jiten/src&amp;lt;android.jiten.adapter{ResultAdapter.java[ResultAdapter~getView~I~QView;~QViewGroup;" StructureKind="java" NumEvents="6" CreationCount="133"/><InteractionEvent Delta="null" EndDate="2012-01-14 17:04:43.664 CET" Interest="20.0" Kind="edit" Navigation="null" OriginId="org.eclipse.jdt.ui.CompilationUnitEditor" StartDate="2012-01-14 17:03:23.150 CET" StructureHandle="=android.jiten/src&amp;lt;android.jiten.adapter{ResultAdapter.java[ResultAdapter~getView~I~QView;~QViewGroup;" StructureKind="java" NumEvents="20" CreationCount="133"/><InteractionEvent Delta="null" EndDate="2012-01-14 17:41:37.450 CET" Interest="2.0" Kind="prediction" Navigation="null" OriginId="org.eclipse.mylyn.resources.ui.interest.updater" StartDate="2012-01-14 17:07:49.848 CET" StructureHandle="/android.jiten/bin/classes.dex" StructureKind="resource" NumEvents="2" CreationCount="214"/><InteractionEvent Delta="null" EndDate="2012-01-14 18:15:11.838 CET" Interest="96.0" Kind="propagation" Navigation="null" OriginId="org.eclipse.jdt.ui.CompilationUnitEditor" StartDate="2012-01-14 17:03:09.291 CET" StructureHandle="/android.jiten/src/android/jiten/adapter/ResultAdapter.java" StructureKind="resource" NumEvents="96" CreationCount="131"/><InteractionEvent Delta="null" EndDate="2012-01-14 18:12:58.266 CET" Interest="154.09999" Kind="propagation" Navigation="org.eclipse.mylyn.core.model.edges.containment" OriginId="org.eclipse.mylyn.core.model.interest.propagation" StartDate="2012-01-14 16:44:38.309 CET" StructureHandle="/android.jiten/res/layout" StructureKind="resource" NumEvents="215" CreationCount="1"/><InteractionEvent Delta="null" EndDate="2012-01-14 17:41:37.450 CET" Interest="2.0" Kind="prediction" Navigation="null" OriginId="org.eclipse.mylyn.resources.ui.interest.updater" StartDate="2012-01-14 17:07:49.848 CET" StructureHandle="/android.jiten/bin/android.jiten.apk" StructureKind="resource" NumEvents="2" CreationCount="214"/><InteractionEvent Delta="null" EndDate="2012-01-14 18:15:11.841 CET" Interest="318.0" Kind="propagation" Navigation="org.eclipse.mylyn.core.model.edges.containment" OriginId="org.eclipse.mylyn.core.model.interest.propagation" StartDate="2012-01-14 16:44:38.310 CET" StructureHandle="/" StructureKind="resource" NumEvents="318" CreationCount="1"/><InteractionEvent Delta="null" EndDate="2012-01-14 18:15:11.838 CET" Interest="96.0" Kind="propagation" Navigation="org.eclipse.mylyn.core.model.edges.containment" OriginId="org.eclipse.mylyn.core.model.interest.propagation" StartDate="2012-01-14 17:03:09.291 CET" StructureHandle="/android.jiten/src/android/jiten" StructureKind="resource" NumEvents="96" CreationCount="131"/><InteractionEvent Delta="null" EndDate="2012-01-14 18:12:58.266 CET" Interest="12.0" Kind="selection" Navigation="null" OriginId="org.eclipse.jdt.ui.PackageExplorer" StartDate="2012-01-14 16:52:39.942 CET" StructureHandle="/android.jiten/res/layout/search_result_entry.xml" StructureKind="resource" NumEvents="12" CreationCount="1"/><InteractionEvent Delta="null" EndDate="2012-01-14 17:50:02.426 CET" Interest="203.0" Kind="edit" Navigation="null" OriginId="com.android.ide.eclipse.editors.layout.LayoutEditor" StartDate="2012-01-14 16:44:38.308 CET" StructureHandle="/android.jiten/res/layout/search_result_entry.xml" StructureKind="resource" NumEvents="203" CreationCount="1"/><InteractionEvent Delta="null" EndDate="2012-01-14 17:04:57.875 CET" Interest="2.0" Kind="selection" Navigation="null" OriginId="org.eclipse.jdt.ui.CompilationUnitEditor" StartDate="2012-01-14 17:04:46.419 CET" StructureHandle="=android.jiten/src&amp;lt;android.jiten.adapter{ResultAdapter.java[ResultAdapter" StructureKind="java" NumEvents="2" CreationCount="133"/><InteractionEvent Delta="null" EndDate="2012-01-14 18:15:09.214 CET" Interest="23.827" Kind="propagation" Navigation="org.eclipse.mylyn.core.model.edges.containment" OriginId="org.eclipse.mylyn.core.model.interest.propagation" StartDate="2012-01-14 17:03:15.354 CET" StructureHandle="=android.jiten/src&amp;lt;android.jiten.adapter{ResultAdapter.java[ResultAdapter" StructureKind="java" NumEvents="32" CreationCount="133"/><InteractionEvent Delta="null" EndDate="2012-01-14 18:15:11.838 CET" Interest="96.0" Kind="propagation" Navigation="org.eclipse.mylyn.core.model.edges.containment" OriginId="org.eclipse.mylyn.core.model.interest.propagation" StartDate="2012-01-14 17:03:09.291 CET" StructureHandle="/android.jiten/src" StructureKind="resource" NumEvents="96" CreationCount="131"/><InteractionEvent Delta="null" EndDate="2012-01-14 18:15:11.838 CET" Interest="96.0" Kind="propagation" Navigation="org.eclipse.mylyn.core.model.edges.containment" OriginId="org.eclipse.mylyn.core.model.interest.propagation" StartDate="2012-01-14 17:03:09.291 CET" StructureHandle="/android.jiten/src/android" StructureKind="resource" NumEvents="96" CreationCount="131"/><InteractionEvent Delta="null" EndDate="2012-01-14 18:15:11.837 CET" Interest="9.0" Kind="selection" Navigation="null" OriginId="org.eclipse.jdt.ui.CompilationUnitEditor" StartDate="2012-01-14 17:03:47.655 CET" StructureHandle="=android.jiten/src&amp;lt;android.jiten.adapter{ResultAdapter.java[ResultAdapter~getExpression~QEntry;" StructureKind="java" NumEvents="9" CreationCount="147"/><InteractionEvent Delta="null" EndDate="2012-01-14 18:13:40.638 CET" Interest="19.0" Kind="edit" Navigation="null" OriginId="org.eclipse.jdt.ui.CompilationUnitEditor" StartDate="2012-01-14 17:04:19.149 CET" StructureHandle="=android.jiten/src&amp;lt;android.jiten.adapter{ResultAdapter.java[ResultAdapter~getExpression~QEntry;" StructureKind="java" NumEvents="19" CreationCount="147"/></InteractionHistory>