<?xml version="1.0" encoding="UTF-8" standalone="no"?><TaskList Version="2.0"><Task Active="false" ConnectorKind="local" CreationDate="2012-01-14 16:53:43.659 +0100" DueDate="" EndDate="" Estimated="0" Handle="local-6" Kind="task" Label="Romaji conversion" LastModified="now" MarkReadPending="false" ModificationDate="" Notes="" NotifiedIncoming="true" Owner="local" Priority="P3" Reminded="false" RepositoryUrl="local" ScheduledEndDate="2012-01-15 23:59:59.999 +0100" ScheduledStartDate="2012-01-09 00:00:00.0 +0100" Stale="false" TaskId="6" offlineSyncState="SYNCHRONIZED"/><Task Active="false" ConnectorKind="local" CreationDate="2012-01-14 16:53:13.572 +0100" DueDate="" EndDate="" Estimated="0" Handle="local-4" Kind="task" Label="Kanji dictionary" LastModified="now" MarkReadPending="false" ModificationDate="" Notes="" NotifiedIncoming="true" Owner="local" Priority="P3" Reminded="false" RepositoryUrl="local" ScheduledEndDate="2012-01-15 23:59:59.999 +0100" ScheduledStartDate="2012-01-09 00:00:00.0 +0100" Stale="false" TaskId="4" offlineSyncState="SYNCHRONIZED"/><Task Active="false" ConnectorKind="local" CreationDate="2012-01-14 16:51:40.783 +0100" DueDate="2012-02-05 00:00:00.0 +0100" EndDate="" Estimated="0" Handle="local-3" Kind="task" Label="Basic dictionary" LastModified="now" MarkReadPending="false" ModificationDate="" Notes="" NotifiedIncoming="true" Owner="local" Priority="P3" Reminded="false" RepositoryUrl="local" ScheduledEndDate="2012-01-15 23:59:59.999 +0100" ScheduledStartDate="2012-01-09 00:00:00.0 +0100" Stale="false" TaskId="3" offlineSyncState="SYNCHRONIZED"><SubTask Handle="local-2"/></Task><Task Active="false" ConnectorKind="local" CreationDate="2012-01-14 16:44:04.176 +0100" DueDate="" EndDate="" Estimated="0" Handle="local-2" Kind="task" Label="Create better layout for list entries" LastModified="now" MarkReadPending="false" ModificationDate="" Notes="" NotifiedIncoming="true" Owner="local" Priority="P3" Reminded="false" RepositoryUrl="local" ScheduledEndDate="2012-01-15 23:59:59.999 +0100" ScheduledStartDate="2012-01-09 00:00:00.0 +0100" Stale="false" TaskId="2" offlineSyncState="SYNCHRONIZED"/><Task Active="false" ConnectorKind="local" CreationDate="2012-01-14 16:40:56.114 +0100" DueDate="" EndDate="" Estimated="0" Handle="local-1" Kind="task" Label="OCR recognition" LastModified="now" MarkReadPending="false" ModificationDate="" Notes="" NotifiedIncoming="true" Owner="local" Priority="P3" Reminded="false" RepositoryUrl="local" Stale="false" TaskId="1" offlineSyncState="SYNCHRONIZED"/><Task Active="false" ConnectorKind="local" CreationDate="2012-01-14 16:53:31.95 +0100" DueDate="" EndDate="" Estimated="0" Handle="local-5" Kind="task" Label="Example sentences" LastModified="now" MarkReadPending="false" ModificationDate="" Notes="" NotifiedIncoming="true" Owner="local" Priority="P3" Reminded="false" RepositoryUrl="local" ScheduledEndDate="2012-01-15 23:59:59.999 +0100" ScheduledStartDate="2012-01-09 00:00:00.0 +0100" Stale="false" TaskId="5" offlineSyncState="SYNCHRONIZED"/><TaskCategory Handle="Uncategorized" Name="Uncategorized"><TaskReference Handle="local-1"/><TaskReference Handle="local-3"/><TaskReference Handle="local-4"/><TaskReference Handle="local-5"/><TaskReference Handle="local-6"/></TaskCategory></TaskList>