<?xml version="1.0" encoding="UTF-8"?><InteractionHistory Id="activity" Version="1"><InteractionEvent Delta="added" EndDate="2012-01-14 16:44:19.378 CET" Interest="1.0" Kind="attention" Navigation="" OriginId="org.eclipse.ui.workbench" StartDate="2012-01-14 16:40:19.125 CET" StructureHandle="none" StructureKind="workingset"/><InteractionEvent Delta="activated" EndDate="2012-01-14 16:44:36.606 CET" Interest="1.0" Kind="command" Navigation="" OriginId="org.eclipse.ui.workbench" StartDate="2012-01-14 16:44:36.606 CET" StructureHandle="local-2" StructureKind="activation"/><InteractionEvent Delta="added" EndDate="2012-01-14 16:59:20.655 CET" Interest="1.0" Kind="attention" Navigation="" OriginId="org.eclipse.ui.workbench" StartDate="2012-01-14 16:44:19.378 CET" StructureHandle="local-2" StructureKind="timing"/><InteractionEvent Delta="added" EndDate="2012-01-14 16:59:50.705 CET" Interest="1.0" Kind="attention" Navigation="" OriginId="org.eclipse.ui.workbench" StartDate="2012-01-14 16:59:20.655 CET" StructureHandle="local-2" StructureKind="timing"/><InteractionEvent Delta="added" EndDate="2012-01-14 17:00:20.755 CET" Interest="1.0" Kind="attention" Navigation="" OriginId="org.eclipse.ui.workbench" StartDate="2012-01-14 16:59:50.705 CET" StructureHandle="local-2" StructureKind="timing"/><InteractionEvent Delta="added" EndDate="2012-01-14 17:40:25.828 CET" Interest="1.0" Kind="attention" Navigation="" OriginId="org.eclipse.ui.workbench" StartDate="2012-01-14 17:00:20.755 CET" StructureHandle="local-2" StructureKind="timing"/><InteractionEvent Delta="added" EndDate="2012-01-14 18:15:29.993 CET" Interest="1.0" Kind="attention" Navigation="" OriginId="org.eclipse.ui.workbench" StartDate="2012-01-14 18:12:59.743 CET" StructureHandle="local-2" StructureKind="timing"/><InteractionEvent Delta="deactivated" EndDate="2012-01-14 18:15:32.292 CET" Interest="1.0" Kind="command" Navigation="" OriginId="org.eclipse.ui.workbench" StartDate="2012-01-14 18:15:32.292 CET" StructureHandle="local-2" StructureKind="activation"/><InteractionEvent Delta="added" EndDate="2012-01-14 18:24:31.38 CET" Interest="1.0" Kind="attention" Navigation="" OriginId="org.eclipse.ui.workbench" StartDate="2012-01-14 18:15:29.993 CET" StructureHandle="none" StructureKind="workingset"/><InteractionEvent Delta="added" EndDate="2012-01-14 20:15:55.242 CET" Interest="1.0" Kind="attention" Navigation="" OriginId="org.eclipse.ui.workbench" StartDate="2012-01-14 20:10:23.727 CET" StructureHandle="none" StructureKind="workingset"/><InteractionEvent Delta="activated" EndDate="2012-01-14 20:19:59.964 CET" Interest="1.0" Kind="command" Navigation="" OriginId="org.eclipse.ui.workbench" StartDate="2012-01-14 20:19:59.964 CET" StructureHandle="local-7" StructureKind="activation"/><InteractionEvent Delta="added" EndDate="2012-01-14 21:57:18.706 CET" Interest="1.0" Kind="attention" Navigation="" OriginId="org.eclipse.ui.workbench" StartDate="2012-01-14 21:41:14.286 CET" StructureHandle="none" StructureKind="workingset"/><InteractionEvent Delta="added" EndDate="2012-01-14 22:00:03.366 CET" Interest="1.0" Kind="attention" Navigation="" OriginId="org.eclipse.ui.workbench" StartDate="2012-01-14 21:59:33.348 CET" StructureHandle="none" StructureKind="workingset"/><InteractionEvent Delta="added" EndDate="2012-01-14 22:12:34.253 CET" Interest="1.0" Kind="attention" Navigation="" OriginId="org.eclipse.ui.workbench" StartDate="2012-01-14 22:00:03.366 CET" StructureHandle="none" StructureKind="workingset"/><InteractionEvent Delta="added" EndDate="2012-01-14 20:42:16.460 CET" Interest="1.0" Kind="attention" Navigation="" OriginId="org.eclipse.ui.workbench" StartDate="2012-01-14 20:19:41.442 CET" StructureHandle="local-7" StructureKind="timing"/><InteractionEvent Delta="added" EndDate="2012-01-14 21:00:22.816 CET" Interest="1.0" Kind="attention" Navigation="" OriginId="org.eclipse.ui.workbench" StartDate="2012-01-14 20:59:52.766 CET" StructureHandle="local-7" StructureKind="timing"/><InteractionEvent Delta="added" EndDate="2012-01-14 21:31:03.253 CET" Interest="1.0" Kind="attention" Navigation="" OriginId="org.eclipse.ui.workbench" StartDate="2012-01-14 21:08:25.519 CET" StructureHandle="local-7" StructureKind="timing"/><InteractionEvent Delta="activated" EndDate="2012-01-14 22:12:47.618 CET" Interest="1.0" Kind="command" Navigation="" OriginId="org.eclipse.ui.workbench" StartDate="2012-01-14 22:12:47.618 CET" StructureHandle="local-3" StructureKind="activation"/><InteractionEvent Delta="deactivated" EndDate="2012-01-14 22:12:50.368 CET" Interest="1.0" Kind="command" Navigation="" OriginId="org.eclipse.ui.workbench" StartDate="2012-01-14 22:12:50.368 CET" StructureHandle="local-3" StructureKind="activation"/><InteractionEvent Delta="activated" EndDate="2012-01-14 22:12:55.158 CET" Interest="1.0" Kind="command" Navigation="" OriginId="org.eclipse.ui.workbench" StartDate="2012-01-14 22:12:55.158 CET" StructureHandle="local-7" StructureKind="activation"/><InteractionEvent Delta="added" EndDate="2012-01-14 22:41:37.425 CET" Interest="1.0" Kind="attention" Navigation="" OriginId="org.eclipse.ui.workbench" StartDate="2012-01-14 22:12:34.253 CET" StructureHandle="local-7" StructureKind="timing"/><InteractionEvent Delta="deactivated" EndDate="2012-01-14 22:43:52.314 CET" Interest="1.0" Kind="command" Navigation="" OriginId="org.eclipse.ui.workbench" StartDate="2012-01-14 22:43:52.314 CET" StructureHandle="local-7" StructureKind="activation"/><InteractionEvent Delta="added" EndDate="2012-01-14 22:59:29.845 CET" Interest="1.0" Kind="attention" Navigation="" OriginId="org.eclipse.ui.workbench" StartDate="2012-01-14 22:43:27.374 CET" StructureHandle="none" StructureKind="workingset"/><InteractionEvent Delta="added" EndDate="2012-01-14 22:59:59.895 CET" Interest="1.0" Kind="attention" Navigation="" OriginId="org.eclipse.ui.workbench" StartDate="2012-01-14 22:59:29.845 CET" StructureHandle="none" StructureKind="workingset"/><InteractionEvent Delta="added" EndDate="2012-01-14 23:00:29.905 CET" Interest="1.0" Kind="attention" Navigation="" OriginId="org.eclipse.ui.workbench" StartDate="2012-01-14 22:59:59.895 CET" StructureHandle="none" StructureKind="workingset"/><InteractionEvent Delta="added" EndDate="2012-01-14 23:16:43.564 CET" Interest="1.0" Kind="attention" Navigation="" OriginId="org.eclipse.ui.workbench" StartDate="2012-01-14 23:00:29.905 CET" StructureHandle="none" StructureKind="workingset"/><InteractionEvent Delta="activated" EndDate="2012-01-16 18:36:57.460 CET" Interest="1.0" Kind="command" Navigation="" OriginId="org.eclipse.ui.workbench" StartDate="2012-01-16 18:36:57.460 CET" StructureHandle="local-2" StructureKind="activation"/><InteractionEvent Delta="added" EndDate="2012-01-16 18:59:23.301 CET" Interest="1.0" Kind="attention" Navigation="" OriginId="org.eclipse.ui.workbench" StartDate="2012-01-16 18:36:51.157 CET" StructureHandle="local-2" StructureKind="timing"/><InteractionEvent Delta="deactivated" EndDate="2012-01-16 18:59:36.936 CET" Interest="1.0" Kind="command" Navigation="" OriginId="org.eclipse.ui.workbench" StartDate="2012-01-16 18:59:36.936 CET" StructureHandle="local-2" StructureKind="activation"/><InteractionEvent Delta="added" EndDate="2012-01-16 18:59:53.316 CET" Interest="1.0" Kind="attention" Navigation="" OriginId="org.eclipse.ui.workbench" StartDate="2012-01-16 18:59:23.301 CET" StructureHandle="none" StructureKind="workingset"/><InteractionEvent Delta="added" EndDate="2012-01-16 19:00:23.330 CET" Interest="1.0" Kind="attention" Navigation="" OriginId="org.eclipse.ui.workbench" StartDate="2012-01-16 18:59:53.316 CET" StructureHandle="none" StructureKind="workingset"/><InteractionEvent Delta="activated" EndDate="2012-01-16 19:00:29.336 CET" Interest="1.0" Kind="command" Navigation="" OriginId="org.eclipse.ui.workbench" StartDate="2012-01-16 19:00:29.336 CET" StructureHandle="local-7" StructureKind="activation"/><InteractionEvent Delta="added" EndDate="2012-01-16 19:24:54.58 CET" Interest="1.0" Kind="attention" Navigation="" OriginId="org.eclipse.ui.workbench" StartDate="2012-01-16 19:00:23.330 CET" StructureHandle="local-7" StructureKind="timing"/><InteractionEvent Delta="added" EndDate="2012-01-17 08:19:18.837 CET" Interest="1.0" Kind="attention" Navigation="" OriginId="org.eclipse.ui.workbench" StartDate="2012-01-17 08:09:16.816 CET" StructureHandle="local-7" StructureKind="timing"/><InteractionEvent Delta="deactivated" EndDate="2012-01-17 08:19:37.744 CET" Interest="1.0" Kind="command" Navigation="" OriginId="org.eclipse.ui.workbench" StartDate="2012-01-17 08:19:37.744 CET" StructureHandle="local-7" StructureKind="activation"/><InteractionEvent Delta="added" EndDate="2012-01-17 08:27:49.82 CET" Interest="1.0" Kind="attention" Navigation="" OriginId="org.eclipse.ui.workbench" StartDate="2012-01-17 08:19:18.837 CET" StructureHandle="none" StructureKind="workingset"/><InteractionEvent Delta="activated" EndDate="2012-01-17 08:28:14.713 CET" Interest="1.0" Kind="command" Navigation="" OriginId="org.eclipse.ui.workbench" StartDate="2012-01-17 08:28:14.713 CET" StructureHandle="local-9" StructureKind="activation"/><InteractionEvent Delta="added" EndDate="2012-01-17 08:34:52.455 CET" Interest="1.0" Kind="attention" Navigation="" OriginId="org.eclipse.ui.workbench" StartDate="2012-01-17 08:27:49.82 CET" StructureHandle="local-9" StructureKind="timing"/><InteractionEvent Delta="activated" EndDate="2012-01-17 17:52:45.576 CET" Interest="1.0" Kind="command" Navigation="" OriginId="org.eclipse.ui.workbench" StartDate="2012-01-17 17:52:45.576 CET" StructureHandle="local-9" StructureKind="activation"/><InteractionEvent Delta="added" EndDate="2012-01-17 18:19:20.693 CET" Interest="1.0" Kind="attention" Navigation="" OriginId="org.eclipse.ui.workbench" StartDate="2012-01-17 18:14:48.129 CET" StructureHandle="local-9" StructureKind="timing"/><InteractionEvent Delta="deactivated" EndDate="2012-01-17 18:19:24.827 CET" Interest="1.0" Kind="command" Navigation="" OriginId="org.eclipse.ui.workbench" StartDate="2012-01-17 18:19:24.827 CET" StructureHandle="local-9" StructureKind="activation"/><InteractionEvent Delta="added" EndDate="2012-01-17 18:20:20.713 CET" Interest="1.0" Kind="attention" Navigation="" OriginId="org.eclipse.ui.workbench" StartDate="2012-01-17 18:19:20.693 CET" StructureHandle="none" StructureKind="workingset"/><InteractionEvent Delta="activated" EndDate="2012-01-17 18:20:32.928 CET" Interest="1.0" Kind="command" Navigation="" OriginId="org.eclipse.ui.workbench" StartDate="2012-01-17 18:20:32.928 CET" StructureHandle="local-9" StructureKind="activation"/><InteractionEvent Delta="added" EndDate="2012-01-17 18:39:51.321 CET" Interest="1.0" Kind="attention" Navigation="" OriginId="org.eclipse.ui.workbench" StartDate="2012-01-17 18:20:20.713 CET" StructureHandle="local-9" StructureKind="timing"/><InteractionEvent Delta="added" EndDate="2012-01-18 07:54:08.605 CET" Interest="1.0" Kind="attention" Navigation="" OriginId="org.eclipse.ui.workbench" StartDate="2012-01-18 07:31:04.296 CET" StructureHandle="local-9" StructureKind="timing"/><InteractionEvent Delta="activated" EndDate="2012-01-18 15:00:36.684 CET" Interest="1.0" Kind="command" Navigation="" OriginId="org.eclipse.ui.workbench" StartDate="2012-01-18 15:00:36.684 CET" StructureHandle="local-9" StructureKind="activation"/><InteractionEvent Delta="deactivated" EndDate="2012-01-18 15:01:34.124 CET" Interest="1.0" Kind="command" Navigation="" OriginId="org.eclipse.ui.workbench" StartDate="2012-01-18 15:01:34.124 CET" StructureHandle="local-9" StructureKind="activation"/><InteractionEvent Delta="added" EndDate="2012-01-18 15:06:56.611 CET" Interest="1.0" Kind="attention" Navigation="" OriginId="org.eclipse.ui.workbench" StartDate="2012-01-18 15:01:23.235 CET" StructureHandle="none" StructureKind="workingset"/></InteractionHistory>