<?xml version="1.0" encoding="UTF-8"?><InteractionHistory Id="activity" Version="1"><InteractionEvent Delta="added" EndDate="2012-01-14 16:44:19.378 CET" Interest="1.0" Kind="attention" Navigation="" OriginId="org.eclipse.ui.workbench" StartDate="2012-01-14 16:40:19.125 CET" StructureHandle="none" StructureKind="workingset"/><InteractionEvent Delta="activated" EndDate="2012-01-14 16:44:36.606 CET" Interest="1.0" Kind="command" Navigation="" OriginId="org.eclipse.ui.workbench" StartDate="2012-01-14 16:44:36.606 CET" StructureHandle="local-2" StructureKind="activation"/><InteractionEvent Delta="added" EndDate="2012-01-14 16:59:20.655 CET" Interest="1.0" Kind="attention" Navigation="" OriginId="org.eclipse.ui.workbench" StartDate="2012-01-14 16:44:19.378 CET" StructureHandle="local-2" StructureKind="timing"/><InteractionEvent Delta="added" EndDate="2012-01-14 16:59:50.705 CET" Interest="1.0" Kind="attention" Navigation="" OriginId="org.eclipse.ui.workbench" StartDate="2012-01-14 16:59:20.655 CET" StructureHandle="local-2" StructureKind="timing"/><InteractionEvent Delta="added" EndDate="2012-01-14 17:00:20.755 CET" Interest="1.0" Kind="attention" Navigation="" OriginId="org.eclipse.ui.workbench" StartDate="2012-01-14 16:59:50.705 CET" StructureHandle="local-2" StructureKind="timing"/><InteractionEvent Delta="added" EndDate="2012-01-14 17:40:25.828 CET" Interest="1.0" Kind="attention" Navigation="" OriginId="org.eclipse.ui.workbench" StartDate="2012-01-14 17:00:20.755 CET" StructureHandle="local-2" StructureKind="timing"/><InteractionEvent Delta="added" EndDate="2012-01-14 18:15:29.993 CET" Interest="1.0" Kind="attention" Navigation="" OriginId="org.eclipse.ui.workbench" StartDate="2012-01-14 18:12:59.743 CET" StructureHandle="local-2" StructureKind="timing"/><InteractionEvent Delta="deactivated" EndDate="2012-01-14 18:15:32.292 CET" Interest="1.0" Kind="command" Navigation="" OriginId="org.eclipse.ui.workbench" StartDate="2012-01-14 18:15:32.292 CET" StructureHandle="local-2" StructureKind="activation"/><InteractionEvent Delta="added" EndDate="2012-01-14 18:19:30.499 CET" Interest="1.0" Kind="attention" Navigation="" OriginId="org.eclipse.ui.workbench" StartDate="2012-01-14 18:15:29.993 CET" StructureHandle="none" StructureKind="workingset"/></InteractionHistory>