<?xml version="1.0" encoding="UTF-8"?><InteractionHistory Id="local-9" Version="1"><InteractionEvent Delta="null" EndDate="2012-01-17 18:19:11.599 CET" Interest="1.0" Kind="propagation" Navigation="org.eclipse.mylyn.core.model.edges.containment" OriginId="org.eclipse.mylyn.core.model.interest.propagation" StartDate="2012-01-17 18:19:11.599 CET" StructureHandle="/android.jiten/bin" StructureKind="resource"/><InteractionEvent Delta="null" EndDate="2012-01-17 18:19:24.235 CET" Interest="123.442" Kind="propagation" Navigation="org.eclipse.mylyn.core.model.edges.containment" OriginId="org.eclipse.mylyn.core.model.interest.propagation" StartDate="2012-01-17 08:28:21.218 CET" StructureHandle="" StructureKind="java" NumEvents="129" CreationCount="1"/><InteractionEvent Delta="null" EndDate="2012-01-18 07:39:24.804 CET" Interest="17.816998" Kind="propagation" Navigation="org.eclipse.mylyn.core.model.edges.containment" OriginId="org.eclipse.mylyn.core.model.interest.propagation" StartDate="2012-01-17 08:28:21.218 CET" StructureHandle="/indexer/res" StructureKind="resource" NumEvents="24" CreationCount="1"/><InteractionEvent Delta="null" EndDate="2012-01-17 18:36:23.812 CET" Interest="10.0" Kind="selection" Navigation="null" OriginId="org.eclipse.jdt.ui.CompilationUnitEditor" StartDate="2012-01-17 18:21:05.594 CET" StructureHandle="=indexer/src&amp;lt;jiten.model{Sense.java[Sense~writeSense~QObjectOutputStream;~QSense;" StructureKind="java" NumEvents="10" CreationCount="170"/><InteractionEvent Delta="null" EndDate="2012-01-17 18:35:39.570 CET" Interest="71.0" Kind="edit" Navigation="null" OriginId="org.eclipse.jdt.ui.CompilationUnitEditor" StartDate="2012-01-17 18:21:06.327 CET" StructureHandle="=indexer/src&amp;lt;jiten.model{Sense.java[Sense~writeSense~QObjectOutputStream;~QSense;" StructureKind="java" NumEvents="71" CreationCount="170"/><InteractionEvent Delta="null" EndDate="2012-01-17 18:36:03.173 CET" Interest="3.0" Kind="selection" Navigation="null" OriginId="org.eclipse.jdt.ui.CompilationUnitEditor" StartDate="2012-01-17 18:34:32.334 CET" StructureHandle="=indexer/test&amp;lt;jiten.model{SerializationTest.java[SerializationTest~testSerialization" StructureKind="java" NumEvents="3" CreationCount="411"/><InteractionEvent Delta="null" EndDate="2012-01-17 18:36:06.542 CET" Interest="3.0" Kind="edit" Navigation="null" OriginId="org.eclipse.jdt.ui.CompilationUnitEditor" StartDate="2012-01-17 18:34:34.674 CET" StructureHandle="=indexer/test&amp;lt;jiten.model{SerializationTest.java[SerializationTest~testSerialization" StructureKind="java" NumEvents="3" CreationCount="411"/><InteractionEvent Delta="null" EndDate="2012-01-17 18:35:39.570 CET" Interest="50.669003" Kind="propagation" Navigation="org.eclipse.mylyn.core.model.edges.containment" OriginId="org.eclipse.mylyn.core.model.interest.propagation" StartDate="2012-01-17 18:15:02.216 CET" StructureHandle="=indexer/src&amp;lt;jiten.model{Sense.java" StructureKind="java" NumEvents="74" CreationCount="113"/><InteractionEvent Delta="null" EndDate="2012-01-18 15:01:21.363 CET" Interest="11.0" Kind="selection" Navigation="null" OriginId="org.eclipse.jdt.ui.CompilationUnitEditor" StartDate="2012-01-17 18:15:01.467 CET" StructureHandle="=indexer/src&amp;lt;jiten.model{Sense.java" StructureKind="java" NumEvents="11" CreationCount="113"/><InteractionEvent Delta="null" EndDate="2012-01-17 08:49:50.615 CET" Interest="2.0" Kind="selection" Navigation="null" OriginId="org.eclipse.jdt.ui.CompilationUnitEditor" StartDate="2012-01-17 08:49:41.992 CET" StructureHandle="=indexer/src&amp;lt;jiten.model{Language.java[Language^ru" StructureKind="java" NumEvents="2" CreationCount="43"/><InteractionEvent Delta="null" EndDate="2012-01-17 08:49:45.774 CET" Interest="2.0" Kind="edit" Navigation="null" OriginId="org.eclipse.jdt.ui.CompilationUnitEditor" StartDate="2012-01-17 08:49:45.276 CET" StructureHandle="=indexer/src&amp;lt;jiten.model{Language.java[Language^ru" StructureKind="java" NumEvents="2" CreationCount="43"/><InteractionEvent Delta="null" EndDate="2012-01-18 07:47:23.54 CET" Interest="8.0" Kind="selection" Navigation="null" OriginId="org.eclipse.jdt.ui.CompilationUnitEditor" StartDate="2012-01-17 18:25:32.682 CET" StructureHandle="=indexer/src&amp;lt;{Indexer.java[Indexer~transformPartOfSpeech~QList\&amp;lt;QPos;&amp;gt;;" StructureKind="java" NumEvents="8" CreationCount="243"/><InteractionEvent Delta="null" EndDate="2012-01-18 07:48:18.231 CET" Interest="80.0" Kind="edit" Navigation="null" OriginId="org.eclipse.jdt.ui.CompilationUnitEditor" StartDate="2012-01-17 18:25:33.571 CET" StructureHandle="=indexer/src&amp;lt;{Indexer.java[Indexer~transformPartOfSpeech~QList\&amp;lt;QPos;&amp;gt;;" StructureKind="java" NumEvents="80" CreationCount="243"/><InteractionEvent Delta="null" EndDate="2012-01-17 18:19:24.235 CET" Interest="163.0" Kind="propagation" Navigation="null" OriginId="org.eclipse.jdt.ui.CompilationUnitEditor" StartDate="2012-01-17 08:28:21.218 CET" StructureHandle="/indexer" StructureKind="resource" NumEvents="163" CreationCount="1"/><InteractionEvent Delta="null" EndDate="2012-01-17 08:49:52.934 CET" Interest="2.0" Kind="selection" Navigation="null" OriginId="org.eclipse.jdt.ui.CompilationUnitEditor" StartDate="2012-01-17 08:49:17.681 CET" StructureHandle="=indexer/src&amp;lt;jiten.model{PartOfSpeech.java[PartOfSpeech^vz" StructureKind="java" NumEvents="2" CreationCount="37"/><InteractionEvent Delta="null" EndDate="2012-01-17 08:49:20.622 CET" Interest="2.0" Kind="edit" Navigation="null" OriginId="org.eclipse.jdt.ui.CompilationUnitEditor" StartDate="2012-01-17 08:49:18.163 CET" StructureHandle="=indexer/src&amp;lt;jiten.model{PartOfSpeech.java[PartOfSpeech^vz" StructureKind="java" NumEvents="2" CreationCount="37"/><InteractionEvent Delta="null" EndDate="2012-01-17 18:30:03.218 CET" Interest="13.334" Kind="propagation" Navigation="org.eclipse.mylyn.core.model.edges.containment" OriginId="org.eclipse.mylyn.core.model.interest.propagation" StartDate="2012-01-17 18:17:42.164 CET" StructureHandle="=indexer/test&amp;lt;jiten.model{SerializationTest.java" StructureKind="java" NumEvents="20" CreationCount="149"/><InteractionEvent Delta="null" EndDate="2012-01-18 15:01:22.502 CET" Interest="8.0" Kind="selection" Navigation="null" OriginId="org.eclipse.jdt.ui.CompilationUnitEditor" StartDate="2012-01-17 18:17:41.540 CET" StructureHandle="=indexer/test&amp;lt;jiten.model{SerializationTest.java" StructureKind="java" NumEvents="8" CreationCount="149"/><InteractionEvent Delta="null" EndDate="2012-01-18 07:53:52.412 CET" Interest="1.0" Kind="selection" Navigation="null" OriginId="org.eclipse.jdt.ui.CompilationUnitEditor" StartDate="2012-01-18 07:53:52.412 CET" StructureHandle="=indexer/test&amp;lt;jiten.searcher{SearcherTest.java[SearcherTest~searchEmpty" StructureKind="java"/><InteractionEvent Delta="null" EndDate="2012-01-17 18:19:11.599 CET" Interest="1.0" Kind="propagation" Navigation="org.eclipse.mylyn.core.model.edges.containment" OriginId="org.eclipse.mylyn.core.model.interest.propagation" StartDate="2012-01-17 18:19:11.599 CET" StructureHandle="=android.jiten" StructureKind="java"/><InteractionEvent Delta="null" EndDate="2012-01-17 18:28:10.882 CET" Interest="2.0" Kind="selection" Navigation="null" OriginId="org.eclipse.jdt.ui.CompilationUnitEditor" StartDate="2012-01-17 18:26:53.911 CET" StructureHandle="=indexer/src&amp;lt;jiten.model{Sense.java[Sense~hashCode" StructureKind="java" NumEvents="2" CreationCount="264"/><InteractionEvent Delta="null" EndDate="2012-01-17 18:26:56.953 CET" Interest="2.0" Kind="edit" Navigation="null" OriginId="org.eclipse.jdt.ui.CompilationUnitEditor" StartDate="2012-01-17 18:26:55.471 CET" StructureHandle="=indexer/src&amp;lt;jiten.model{Sense.java[Sense~hashCode" StructureKind="java" NumEvents="2" CreationCount="264"/><InteractionEvent Delta="null" EndDate="2012-01-18 07:43:39.537 CET" Interest="5.0" Kind="selection" Navigation="null" OriginId="org.eclipse.jdt.ui.CompilationUnitEditor" StartDate="2012-01-18 07:36:54.529 CET" StructureHandle="=indexer/src&amp;lt;{Indexer.java[Indexer^JMDICT_ENTITY_REFERENCES" StructureKind="java" NumEvents="5" CreationCount="573"/><InteractionEvent Delta="null" EndDate="2012-01-18 07:39:01.934 CET" Interest="39.0" Kind="edit" Navigation="null" OriginId="org.eclipse.jdt.ui.CompilationUnitEditor" StartDate="2012-01-18 07:37:03.468 CET" StructureHandle="=indexer/src&amp;lt;{Indexer.java[Indexer^JMDICT_ENTITY_REFERENCES" StructureKind="java" NumEvents="39" CreationCount="573"/><InteractionEvent Delta="null" EndDate="2012-01-17 17:52:47.619 CET" Interest="36.236" Kind="propagation" Navigation="org.eclipse.mylyn.core.model.edges.containment" OriginId="org.eclipse.mylyn.core.model.interest.propagation" StartDate="2012-01-17 08:48:27.968 CET" StructureHandle="=indexer/src&amp;lt;jiten.model{PartOfSpeech.java" StructureKind="java" NumEvents="51" CreationCount="29"/><InteractionEvent Delta="null" EndDate="2012-01-17 18:14:48.644 CET" Interest="7.0" Kind="selection" Navigation="null" OriginId="org.eclipse.jdt.ui.CompilationUnitEditor" StartDate="2012-01-17 08:48:29.509 CET" StructureHandle="=indexer/src&amp;lt;jiten.model{PartOfSpeech.java" StructureKind="java" NumEvents="7" CreationCount="29"/><InteractionEvent Delta="null" EndDate="2012-01-18 15:01:21.441 CET" Interest="620.0" Kind="propagation" Navigation="null" OriginId="org.eclipse.jdt.ui.CompilationUnitEditor" StartDate="2012-01-17 08:47:56.622 CET" StructureHandle="/indexer/src" StructureKind="resource" NumEvents="620" CreationCount="27"/><InteractionEvent Delta="null" EndDate="2012-01-17 18:34:31.819 CET" Interest="14.316999" Kind="propagation" Navigation="org.eclipse.mylyn.core.model.edges.containment" OriginId="org.eclipse.mylyn.core.model.interest.propagation" StartDate="2012-01-17 18:17:45.767 CET" StructureHandle="=indexer/test&amp;lt;jiten.model{SerializationTest.java[SerializationTest" StructureKind="java" NumEvents="21" CreationCount="150"/><InteractionEvent Delta="null" EndDate="2012-01-17 18:37:52.795 CET" Interest="5.0" Kind="selection" Navigation="null" OriginId="org.eclipse.jdt.ui.CompilationUnitEditor" StartDate="2012-01-17 18:17:42.164 CET" StructureHandle="=indexer/test&amp;lt;jiten.model{SerializationTest.java[SerializationTest" StructureKind="java" NumEvents="5" CreationCount="150"/><InteractionEvent Delta="null" EndDate="2012-01-17 18:37:54.12 CET" Interest="1.0" Kind="edit" Navigation="null" OriginId="org.eclipse.jdt.ui.CompilationUnitEditor" StartDate="2012-01-17 18:37:54.12 CET" StructureHandle="=indexer/test&amp;lt;jiten.model{SerializationTest.java[SerializationTest" StructureKind="java"/><InteractionEvent Delta="null" EndDate="2012-01-18 07:48:18.231 CET" Interest="56.629" Kind="propagation" Navigation="org.eclipse.mylyn.core.model.edges.containment" OriginId="org.eclipse.mylyn.core.model.interest.propagation" StartDate="2012-01-17 18:23:34.871 CET" StructureHandle="=indexer/src&amp;lt;{Indexer.java" StructureKind="java" NumEvents="89" CreationCount="206"/><InteractionEvent Delta="null" EndDate="2012-01-18 07:43:36.666 CET" Interest="8.0" Kind="selection" Navigation="null" OriginId="org.eclipse.jdt.ui.CompilationUnitEditor" StartDate="2012-01-17 18:23:34.824 CET" StructureHandle="=indexer/src&amp;lt;{Indexer.java" StructureKind="java" NumEvents="8" CreationCount="206"/><InteractionEvent Delta="null" EndDate="2012-01-18 15:00:42.815 CET" Interest="38.0" Kind="propagation" Navigation="org.eclipse.mylyn.core.model.edges.containment" OriginId="org.eclipse.mylyn.core.model.interest.propagation" StartDate="2012-01-18 07:53:50.400 CET" StructureHandle="/indexer/test/jiten/searcher" StructureKind="resource" NumEvents="38" CreationCount="743"/><InteractionEvent Delta="null" EndDate="2012-01-18 15:00:42.815 CET" Interest="2.0" Kind="selection" Navigation="null" OriginId="org.eclipse.jdt.ui.CompilationUnitEditor" StartDate="2012-01-18 07:54:03.566 CET" StructureHandle="=indexer/test&amp;lt;jiten.searcher{SearcherTest.java[SearcherTest~searchHiragana" StructureKind="java" NumEvents="2" CreationCount="745"/><InteractionEvent Delta="null" EndDate="2012-01-18 07:55:40.443 CET" Interest="34.0" Kind="edit" Navigation="null" OriginId="org.eclipse.jdt.ui.CompilationUnitEditor" StartDate="2012-01-18 07:54:05.579 CET" StructureHandle="=indexer/test&amp;lt;jiten.searcher{SearcherTest.java[SearcherTest~searchHiragana" StructureKind="java" NumEvents="34" CreationCount="745"/><InteractionEvent Delta="null" EndDate="2012-01-18 07:48:22.397 CET" Interest="1.0" Kind="propagation" Navigation="org.eclipse.mylyn.core.model.edges.containment" OriginId="org.eclipse.mylyn.core.model.interest.propagation" StartDate="2012-01-18 07:48:22.397 CET" StructureHandle="=indexer/C:\/Program Files\/Java\/jdk1.6.0_26\/jre\/lib\/rt.jar" StructureKind="java"/><InteractionEvent Delta="null" EndDate="2012-01-17 18:37:41.750 CET" Interest="16.0" Kind="propagation" Navigation="null" OriginId="org.eclipse.jdt.ui.CompilationUnitEditor" StartDate="2012-01-17 18:35:57.151 CET" StructureHandle="/indexer/src/jiten/model/Entry.java" StructureKind="resource" NumEvents="16" CreationCount="424"/><InteractionEvent Delta="null" EndDate="2012-01-18 07:48:22.397 CET" Interest="1.0" Kind="propagation" Navigation="org.eclipse.mylyn.core.model.edges.containment" OriginId="org.eclipse.mylyn.core.model.interest.propagation" StartDate="2012-01-18 07:48:22.397 CET" StructureHandle="=indexer/C:\/Program Files\/Java\/jdk1.6.0_26\/jre\/lib\/rt.jar&amp;lt;java.lang(Enum.class[Enum" StructureKind="java"/><InteractionEvent Delta="null" EndDate="2012-01-17 18:26:46.18 CET" Interest="2.0" Kind="selection" Navigation="null" OriginId="org.eclipse.jdt.ui.CompilationUnitEditor" StartDate="2012-01-17 18:15:45.490 CET" StructureHandle="=indexer/src&amp;lt;jiten.model{Sense.java[Sense~toString" StructureKind="java" NumEvents="2" CreationCount="129"/><InteractionEvent Delta="null" EndDate="2012-01-17 18:26:49.465 CET" Interest="14.0" Kind="edit" Navigation="null" OriginId="org.eclipse.jdt.ui.CompilationUnitEditor" StartDate="2012-01-17 18:15:53.87 CET" StructureHandle="=indexer/src&amp;lt;jiten.model{Sense.java[Sense~toString" StructureKind="java" NumEvents="14" CreationCount="129"/><InteractionEvent Delta="null" EndDate="2012-01-17 18:19:11.599 CET" Interest="1.0" Kind="propagation" Navigation="null" OriginId="org.eclipse.mylyn.resources.ui.interest.updater" StartDate="2012-01-17 18:19:11.599 CET" StructureHandle="/android.jiten" StructureKind="resource"/><InteractionEvent Delta="null" EndDate="2012-01-17 18:36:23.812 CET" Interest="37.152" Kind="propagation" Navigation="org.eclipse.mylyn.core.model.edges.containment" OriginId="org.eclipse.mylyn.core.model.interest.propagation" StartDate="2012-01-17 18:16:08.734 CET" StructureHandle="=indexer/src&amp;lt;jiten.model{Sense.java[Sense" StructureKind="java" NumEvents="53" CreationCount="114"/><InteractionEvent Delta="null" EndDate="2012-01-17 18:28:16.638 CET" Interest="13.0" Kind="selection" Navigation="null" OriginId="org.eclipse.jdt.ui.CompilationUnitEditor" StartDate="2012-01-17 18:15:02.216 CET" StructureHandle="=indexer/src&amp;lt;jiten.model{Sense.java[Sense" StructureKind="java" NumEvents="13" CreationCount="114"/><InteractionEvent Delta="null" EndDate="2012-01-17 18:27:20.790 CET" Interest="15.0" Kind="edit" Navigation="null" OriginId="org.eclipse.jdt.ui.CompilationUnitEditor" StartDate="2012-01-17 18:15:03.791 CET" StructureHandle="=indexer/src&amp;lt;jiten.model{Sense.java[Sense" StructureKind="java" NumEvents="15" CreationCount="114"/><InteractionEvent Delta="null" EndDate="2012-01-18 15:01:21.441 CET" Interest="347.0" Kind="propagation" Navigation="null" OriginId="org.eclipse.jdt.ui.CompilationUnitEditor" StartDate="2012-01-17 08:47:56.622 CET" StructureHandle="/indexer/src/jiten/model" StructureKind="resource" NumEvents="347" CreationCount="27"/><InteractionEvent Delta="null" EndDate="2012-01-18 15:01:21.441 CET" Interest="247.0" Kind="propagation" Navigation="null" OriginId="org.eclipse.jdt.ui.CompilationUnitEditor" StartDate="2012-01-17 18:15:01.467 CET" StructureHandle="/indexer/src/jiten/model/Sense.java" StructureKind="resource" NumEvents="247" CreationCount="113"/><InteractionEvent Delta="null" EndDate="2012-01-18 15:00:42.815 CET" Interest="25.834" Kind="propagation" Navigation="org.eclipse.mylyn.core.model.edges.containment" OriginId="org.eclipse.mylyn.core.model.interest.propagation" StartDate="2012-01-18 07:53:50.400 CET" StructureHandle="=indexer/test&amp;lt;jiten.searcher" StructureKind="java" NumEvents="38" CreationCount="743"/><InteractionEvent Delta="null" EndDate="2012-01-17 18:38:17.584 CET" Interest="3.7770004" Kind="manipulation" Navigation="null" OriginId="org.eclipse.mylyn.core.model.interest.decay.correction" StartDate="2012-01-17 18:38:17.584 CET" StructureHandle="=indexer/src&amp;lt;{Indexer.java#java.io.ByteArrayOutputStream" StructureKind="java"/><InteractionEvent Delta="null" EndDate="2012-01-17 18:38:17.584 CET" Interest="2.0" Kind="selection" Navigation="null" OriginId="org.eclipse.jdt.ui.CompilationUnitEditor" StartDate="2012-01-17 18:23:34.871 CET" StructureHandle="=indexer/src&amp;lt;{Indexer.java#java.io.ByteArrayOutputStream" StructureKind="java" NumEvents="2" CreationCount="207"/><InteractionEvent Delta="null" EndDate="2012-01-17 18:37:49.472 CET" Interest="4.0" Kind="selection" Navigation="null" OriginId="org.eclipse.jdt.ui.CompilationUnitEditor" StartDate="2012-01-17 18:36:08.305 CET" StructureHandle="=indexer/test&amp;lt;jiten.model{SerializationTest.java[SerializationTest~deserializeFromByteArray~\[B" StructureKind="java" NumEvents="4" CreationCount="433"/><InteractionEvent Delta="null" EndDate="2012-01-17 18:36:13.391 CET" Interest="2.0" Kind="edit" Navigation="null" OriginId="org.eclipse.jdt.ui.CompilationUnitEditor" StartDate="2012-01-17 18:36:12.283 CET" StructureHandle="=indexer/test&amp;lt;jiten.model{SerializationTest.java[SerializationTest~deserializeFromByteArray~\[B" StructureKind="java" NumEvents="2" CreationCount="433"/><InteractionEvent Delta="null" EndDate="2012-01-18 15:01:22.502 CET" Interest="21.334" Kind="propagation" Navigation="org.eclipse.mylyn.core.model.edges.containment" OriginId="org.eclipse.mylyn.core.model.interest.propagation" StartDate="2012-01-17 18:17:41.540 CET" StructureHandle="=indexer/test&amp;lt;jiten.model" StructureKind="java" NumEvents="28" CreationCount="149"/><InteractionEvent Delta="null" EndDate="2012-01-18 15:01:22.502 CET" Interest="619.4421" Kind="propagation" Navigation="org.eclipse.mylyn.core.model.edges.containment" OriginId="org.eclipse.mylyn.core.model.interest.propagation" StartDate="2012-01-17 08:28:21.218 CET" StructureHandle="/" StructureKind="resource" NumEvents="622" CreationCount="1"/><InteractionEvent Delta="null" EndDate="2012-01-18 15:01:22.549 CET" Interest="90.0" Kind="propagation" Navigation="null" OriginId="org.eclipse.jdt.ui.CompilationUnitEditor" StartDate="2012-01-17 18:17:41.540 CET" StructureHandle="/indexer/test" StructureKind="resource" NumEvents="90" CreationCount="149"/><InteractionEvent Delta="null" EndDate="2012-01-18 07:44:59.596 CET" Interest="2.0" Kind="selection" Navigation="null" OriginId="org.eclipse.jdt.ui.CompilationUnitEditor" StartDate="2012-01-18 07:39:06.521 CET" StructureHandle="=indexer/src&amp;lt;{Indexer.java[Indexer|1" StructureKind="java" NumEvents="2" CreationCount="626"/><InteractionEvent Delta="null" EndDate="2012-01-18 07:45:39.111 CET" Interest="10.0" Kind="edit" Navigation="null" OriginId="org.eclipse.jdt.ui.CompilationUnitEditor" StartDate="2012-01-18 07:39:07.457 CET" StructureHandle="=indexer/src&amp;lt;{Indexer.java[Indexer|1" StructureKind="java" NumEvents="10" CreationCount="626"/><InteractionEvent Delta="null" EndDate="2012-01-18 07:33:46.575 CET" Interest="7.0" Kind="selection" Navigation="null" OriginId="org.eclipse.jdt.ui.CompilationUnitEditor" StartDate="2012-01-17 18:23:44.355 CET" StructureHandle="=indexer/src&amp;lt;{Indexer.java[Indexer~transformEntry~QEntry;" StructureKind="java" NumEvents="7" CreationCount="210"/><InteractionEvent Delta="null" EndDate="2012-01-17 18:29:00.396 CET" Interest="44.0" Kind="edit" Navigation="null" OriginId="org.eclipse.jdt.ui.CompilationUnitEditor" StartDate="2012-01-17 18:23:47.741 CET" StructureHandle="=indexer/src&amp;lt;{Indexer.java[Indexer~transformEntry~QEntry;" StructureKind="java" NumEvents="44" CreationCount="210"/><InteractionEvent Delta="null" EndDate="2012-01-18 15:01:22.549 CET" Interest="52.0" Kind="propagation" Navigation="org.eclipse.mylyn.core.model.edges.containment" OriginId="org.eclipse.mylyn.core.model.interest.propagation" StartDate="2012-01-17 18:17:41.540 CET" StructureHandle="/indexer/test/jiten/model" StructureKind="resource" NumEvents="52" CreationCount="149"/><InteractionEvent Delta="null" EndDate="2012-01-18 15:01:22.549 CET" Interest="52.0" Kind="propagation" Navigation="org.eclipse.mylyn.core.model.edges.containment" OriginId="org.eclipse.mylyn.core.model.interest.propagation" StartDate="2012-01-17 18:17:41.540 CET" StructureHandle="/indexer/test/jiten" StructureKind="resource" NumEvents="52" CreationCount="149"/><InteractionEvent Delta="null" EndDate="2012-01-17 08:50:04.685 CET" Interest="1.0" Kind="selection" Navigation="null" OriginId="org.eclipse.jdt.ui.CompilationUnitEditor" StartDate="2012-01-17 08:50:04.685 CET" StructureHandle="=indexer/src&amp;lt;jiten.model{PartOfSpeech.java[PartOfSpeech^adj" StructureKind="java"/><InteractionEvent Delta="null" EndDate="2012-01-18 07:45:58.814 CET" Interest="1.0" Kind="selection" Navigation="null" OriginId="org.eclipse.jdt.ui.CompilationUnitEditor" StartDate="2012-01-18 07:45:58.814 CET" StructureHandle="=indexer/src&amp;lt;{Indexer.java[Indexer^resul" StructureKind="java"/><InteractionEvent Delta="null" EndDate="2012-01-17 18:37:41.750 CET" Interest="5.455" Kind="propagation" Navigation="org.eclipse.mylyn.core.model.edges.containment" OriginId="org.eclipse.mylyn.core.model.interest.propagation" StartDate="2012-01-17 18:35:57.728 CET" StructureHandle="=indexer/src&amp;lt;jiten.model{Entry.java" StructureKind="java" NumEvents="9" CreationCount="424"/><InteractionEvent Delta="null" EndDate="2012-01-17 18:37:41.719 CET" Interest="3.0" Kind="selection" Navigation="null" OriginId="org.eclipse.jdt.ui.CompilationUnitEditor" StartDate="2012-01-17 18:35:57.151 CET" StructureHandle="=indexer/src&amp;lt;jiten.model{Entry.java" StructureKind="java" NumEvents="3" CreationCount="424"/><InteractionEvent Delta="null" EndDate="2012-01-18 07:37:21.657 CET" Interest="1.0" Kind="selection" Navigation="null" OriginId="org.eclipse.jdt.ui.CompilationUnitEditor" StartDate="2012-01-18 07:37:21.657 CET" StructureHandle="=indexer/src&amp;lt;{Indexer.java[Indexer^JMDICT_ENTITY_REFERENCES[~put~QString;~QString;" StructureKind="java"/><InteractionEvent Delta="null" EndDate="2012-01-18 07:37:26.727 CET" Interest="4.0" Kind="edit" Navigation="null" OriginId="org.eclipse.jdt.ui.CompilationUnitEditor" StartDate="2012-01-18 07:37:23.30 CET" StructureHandle="=indexer/src&amp;lt;{Indexer.java[Indexer^JMDICT_ENTITY_REFERENCES[~put~QString;~QString;" StructureKind="java" NumEvents="4" CreationCount="584"/><InteractionEvent Delta="null" EndDate="2012-01-17 18:14:54.244 CET" Interest="12.0" Kind="propagation" Navigation="null" OriginId="org.eclipse.jdt.ui.CompilationUnitEditor" StartDate="2012-01-17 08:47:56.622 CET" StructureHandle="/indexer/src/jiten/model/Language.java" StructureKind="resource" NumEvents="12" CreationCount="27"/><InteractionEvent Delta="null" EndDate="2012-01-18 07:48:22.397 CET" Interest="1.0" Kind="propagation" Navigation="org.eclipse.mylyn.core.model.edges.containment" OriginId="org.eclipse.mylyn.core.model.interest.propagation" StartDate="2012-01-18 07:48:22.397 CET" StructureHandle="=indexer/C:\/Program Files\/Java\/jdk1.6.0_26\/jre\/lib\/rt.jar&amp;lt;java.lang(Enum.class" StructureKind="java"/><InteractionEvent Delta="null" EndDate="2012-01-17 18:38:17.584 CET" Interest="5.7770004" Kind="propagation" Navigation="org.eclipse.mylyn.core.model.edges.containment" OriginId="org.eclipse.mylyn.core.model.interest.propagation" StartDate="2012-01-17 18:23:34.871 CET" StructureHandle="=indexer/src&amp;lt;{Indexer.java#" StructureKind="java" NumEvents="2" CreationCount="207"/><InteractionEvent Delta="null" EndDate="2012-01-17 18:14:48.644 CET" Interest="72.0" Kind="propagation" Navigation="null" OriginId="org.eclipse.jdt.ui.CompilationUnitEditor" StartDate="2012-01-17 08:48:27.968 CET" StructureHandle="/indexer/src/jiten/model/PartOfSpeech.java" StructureKind="resource" NumEvents="72" CreationCount="29"/><InteractionEvent Delta="null" EndDate="2012-01-17 18:36:13.625 CET" Interest="2.0" Kind="selection" Navigation="null" OriginId="org.eclipse.jdt.ui.CompilationUnitEditor" StartDate="2012-01-17 18:35:57.728 CET" StructureHandle="=indexer/src&amp;lt;jiten.model{Entry.java[Entry~writeEntry~QObjectOutputStream;~QEntry;" StructureKind="java" NumEvents="2" CreationCount="425"/><InteractionEvent Delta="null" EndDate="2012-01-17 18:35:59.710 CET" Interest="1.0" Kind="edit" Navigation="null" OriginId="org.eclipse.jdt.ui.CompilationUnitEditor" StartDate="2012-01-17 18:35:59.710 CET" StructureHandle="=indexer/src&amp;lt;jiten.model{Entry.java[Entry~writeEntry~QObjectOutputStream;~QEntry;" StructureKind="java"/><InteractionEvent Delta="null" EndDate="2012-01-18 07:39:21.746 CET" Interest="8.0" Kind="selection" Navigation="null" OriginId="org.eclipse.wst.dtd.core.dtdsource.source" StartDate="2012-01-17 08:28:21.265 CET" StructureHandle="/indexer/res/JMdict.dtd" StructureKind="resource" NumEvents="8" CreationCount="2"/><InteractionEvent Delta="null" EndDate="2012-01-18 07:39:24.804 CET" Interest="14.0" Kind="edit" Navigation="null" OriginId="org.eclipse.wst.dtd.core.dtdsource.source" StartDate="2012-01-17 08:28:21.452 CET" StructureHandle="/indexer/res/JMdict.dtd" StructureKind="resource" NumEvents="14" CreationCount="2"/><InteractionEvent Delta="null" EndDate="2012-01-18 07:48:18.231 CET" Interest="64.629" Kind="propagation" Navigation="org.eclipse.mylyn.core.model.edges.containment" OriginId="org.eclipse.mylyn.core.model.interest.propagation" StartDate="2012-01-17 18:23:34.824 CET" StructureHandle="=indexer/src&amp;lt;" StructureKind="java" NumEvents="97" CreationCount="206"/><InteractionEvent Delta="null" EndDate="2012-01-17 08:48:52.716 CET" Interest="8.0" Kind="selection" Navigation="null" OriginId="org.eclipse.jdt.ui.PackageExplorer" StartDate="2012-01-17 08:28:21.218 CET" StructureHandle="/indexer/res/part_of_speech.txt" StructureKind="resource" NumEvents="8" CreationCount="1"/><InteractionEvent Delta="null" EndDate="2012-01-17 08:48:31.906 CET" Interest="7.0" Kind="edit" Navigation="null" OriginId="org.eclipse.ui.DefaultTextEditor" StartDate="2012-01-17 08:28:46.205 CET" StructureHandle="/indexer/res/part_of_speech.txt" StructureKind="resource" NumEvents="7" CreationCount="1"/><InteractionEvent Delta="null" EndDate="2012-01-17 08:49:50.615 CET" Interest="0.9549999" Kind="propagation" Navigation="org.eclipse.mylyn.core.model.edges.containment" OriginId="org.eclipse.mylyn.core.model.interest.propagation" StartDate="2012-01-17 08:49:50.615 CET" StructureHandle="=indexer/src&amp;lt;jiten.model{Language.java[Language" StructureKind="java"/><InteractionEvent Delta="null" EndDate="2012-01-17 08:49:38.615 CET" Interest="2.0" Kind="selection" Navigation="null" OriginId="org.eclipse.jdt.ui.CompilationUnitEditor" StartDate="2012-01-17 08:47:57.244 CET" StructureHandle="=indexer/src&amp;lt;jiten.model{Language.java[Language" StructureKind="java" NumEvents="2" CreationCount="28"/><InteractionEvent Delta="null" EndDate="2012-01-17 08:49:40.545 CET" Interest="1.0" Kind="edit" Navigation="null" OriginId="org.eclipse.jdt.ui.CompilationUnitEditor" StartDate="2012-01-17 08:49:40.545 CET" StructureHandle="=indexer/src&amp;lt;jiten.model{Language.java[Language" StructureKind="java"/><InteractionEvent Delta="null" EndDate="2012-01-18 15:01:21.441 CET" Interest="617.762" Kind="propagation" Navigation="org.eclipse.mylyn.core.model.edges.containment" OriginId="org.eclipse.mylyn.core.model.interest.propagation" StartDate="2012-01-17 08:28:21.218 CET" StructureHandle="=indexer" StructureKind="resource" NumEvents="624" CreationCount="41"/><InteractionEvent Delta="null" EndDate="2012-01-17 08:47:32.264 CET" Interest="1.0" Kind="selection" Navigation="null" OriginId="org.eclipse.jdt.ui.PackageExplorer" StartDate="2012-01-17 08:47:32.264 CET" StructureHandle="=indexer" StructureKind="java"/><InteractionEvent Delta="null" EndDate="2012-01-18 15:01:21.363 CET" Interest="63.131" Kind="propagation" Navigation="org.eclipse.mylyn.core.model.edges.containment" OriginId="org.eclipse.mylyn.core.model.interest.propagation" StartDate="2012-01-17 08:47:56.622 CET" StructureHandle="=indexer/src&amp;lt;jiten.model" StructureKind="java" NumEvents="91" CreationCount="27"/><InteractionEvent Delta="null" EndDate="2012-01-18 07:53:39.355 CET" Interest="1.0" Kind="selection" Navigation="null" OriginId="org.eclipse.ui.views.ResourceNavigator" StartDate="2012-01-18 07:53:39.355 CET" StructureHandle="=mylyn-tasks" StructureKind="java"/><InteractionEvent Delta="null" EndDate="2012-01-18 07:53:39.355 CET" Interest="1.0" Kind="propagation" Navigation="null" OriginId="org.eclipse.ui.views.ResourceNavigator" StartDate="2012-01-18 07:53:39.355 CET" StructureHandle="/mylyn-tasks" StructureKind="resource"/><InteractionEvent Delta="null" EndDate="2012-01-17 18:19:11.599 CET" Interest="1.0" Kind="propagation" Navigation="null" OriginId="org.eclipse.mylyn.resources.ui.interest.updater" StartDate="2012-01-17 18:19:11.599 CET" StructureHandle="/android.jiten/bin/res" StructureKind="resource"/><InteractionEvent Delta="null" EndDate="2012-01-18 07:51:33.903 CET" Interest="1.0" Kind="selection" Navigation="null" OriginId="org.eclipse.ant.ui.internal.editor.AntEditor" StartDate="2012-01-18 07:51:33.903 CET" StructureHandle="/indexer/build.xml" StructureKind="build.xml"/><InteractionEvent Delta="null" EndDate="2012-01-18 07:53:30.526 CET" Interest="36.0" Kind="edit" Navigation="null" OriginId="org.eclipse.ant.ui.internal.editor.AntEditor" StartDate="2012-01-18 07:51:33.949 CET" StructureHandle="/indexer/build.xml" StructureKind="build.xml" NumEvents="36" CreationCount="705"/><InteractionEvent Delta="null" EndDate="2012-01-18 07:39:05.179 CET" Interest="1.0" Kind="selection" Navigation="null" OriginId="org.eclipse.jdt.ui.CompilationUnitEditor" StartDate="2012-01-18 07:39:05.179 CET" StructureHandle="=indexer/src&amp;lt;{Indexer.java[Indexer~startIndexing~QFile;~QFile;" StructureKind="java"/><InteractionEvent Delta="null" EndDate="2012-01-18 07:47:19.232 CET" Interest="23.0" Kind="edit" Navigation="null" OriginId="org.eclipse.jdt.ui.CompilationUnitEditor" StartDate="2012-01-18 07:46:24.679 CET" StructureHandle="=indexer/src&amp;lt;{Indexer.java[Indexer~resolveEnumStringForEntityReference~QString;" StructureKind="java" NumEvents="23" CreationCount="647"/><InteractionEvent Delta="null" EndDate="2012-01-18 15:01:22.549 CET" Interest="52.0" Kind="propagation" Navigation="null" OriginId="org.eclipse.jdt.ui.CompilationUnitEditor" StartDate="2012-01-17 18:17:41.540 CET" StructureHandle="/indexer/test/jiten/model/SerializationTest.java" StructureKind="resource" NumEvents="52" CreationCount="149"/><InteractionEvent Delta="null" EndDate="2012-01-17 18:28:19.25 CET" Interest="1.0" Kind="selection" Navigation="null" OriginId="org.eclipse.jdt.ui.CompilationUnitEditor" StartDate="2012-01-17 18:28:19.25 CET" StructureHandle="=indexer/src&amp;lt;jiten.model{Sense.java[Sense~getPartsOfSpeech" StructureKind="java"/><InteractionEvent Delta="null" EndDate="2012-01-17 18:28:35.140 CET" Interest="9.0" Kind="edit" Navigation="null" OriginId="org.eclipse.jdt.ui.CompilationUnitEditor" StartDate="2012-01-17 18:28:20.398 CET" StructureHandle="=indexer/src&amp;lt;jiten.model{Sense.java[Sense~getPartsOfSpeech" StructureKind="java" NumEvents="9" CreationCount="293"/><InteractionEvent Delta="null" EndDate="2012-01-18 07:48:18.231 CET" Interest="53.995003" Kind="propagation" Navigation="org.eclipse.mylyn.core.model.edges.containment" OriginId="org.eclipse.mylyn.core.model.interest.propagation" StartDate="2012-01-17 18:23:40.455 CET" StructureHandle="=indexer/src&amp;lt;{Indexer.java[Indexer" StructureKind="java" NumEvents="77" CreationCount="208"/><InteractionEvent Delta="null" EndDate="2012-01-18 07:45:47.223 CET" Interest="5.0" Kind="selection" Navigation="null" OriginId="org.eclipse.jdt.ui.CompilationUnitEditor" StartDate="2012-01-17 18:23:35.479 CET" StructureHandle="=indexer/src&amp;lt;{Indexer.java[Indexer" StructureKind="java" NumEvents="5" CreationCount="208"/><InteractionEvent Delta="null" EndDate="2012-01-18 07:45:57.316 CET" Interest="8.0" Kind="edit" Navigation="null" OriginId="org.eclipse.jdt.ui.CompilationUnitEditor" StartDate="2012-01-18 07:36:10.849 CET" StructureHandle="=indexer/src&amp;lt;{Indexer.java[Indexer" StructureKind="java" NumEvents="8" CreationCount="208"/><InteractionEvent Delta="null" EndDate="2012-01-17 18:36:24.420 CET" Interest="7.0" Kind="selection" Navigation="null" OriginId="org.eclipse.jdt.ui.CompilationUnitEditor" StartDate="2012-01-17 18:21:26.982 CET" StructureHandle="=indexer/src&amp;lt;jiten.model{Sense.java[Sense~readSense~QObjectInputStream;" StructureKind="java" NumEvents="7" CreationCount="181"/><InteractionEvent Delta="null" EndDate="2012-01-17 18:37:31.704 CET" Interest="69.0" Kind="edit" Navigation="null" OriginId="org.eclipse.jdt.ui.CompilationUnitEditor" StartDate="2012-01-17 18:21:30.398 CET" StructureHandle="=indexer/src&amp;lt;jiten.model{Sense.java[Sense~readSense~QObjectInputStream;" StructureKind="java" NumEvents="69" CreationCount="181"/><InteractionEvent Delta="null" EndDate="2012-01-17 08:50:23.767 CET" Interest="1.0" Kind="selection" Navigation="null" OriginId="org.eclipse.jdt.ui.CompilationUnitEditor" StartDate="2012-01-17 08:50:23.767 CET" StructureHandle="=indexer/src&amp;lt;jiten.model{PartOfSpeech.java[PartOfSpeech^exp" StructureKind="java"/><InteractionEvent Delta="null" EndDate="2012-01-17 18:37:41.750 CET" Interest="8.438" Kind="propagation" Navigation="org.eclipse.mylyn.core.model.edges.containment" OriginId="org.eclipse.mylyn.core.model.interest.propagation" StartDate="2012-01-17 18:35:57.728 CET" StructureHandle="=indexer/src&amp;lt;jiten.model{Entry.java[Entry" StructureKind="java" NumEvents="11" CreationCount="425"/><InteractionEvent Delta="null" EndDate="2012-01-18 15:00:42.815 CET" Interest="24.834" Kind="propagation" Navigation="org.eclipse.mylyn.core.model.edges.containment" OriginId="org.eclipse.mylyn.core.model.interest.propagation" StartDate="2012-01-18 07:53:52.412 CET" StructureHandle="=indexer/test&amp;lt;jiten.searcher{SearcherTest.java" StructureKind="java" NumEvents="37" CreationCount="743"/><InteractionEvent Delta="null" EndDate="2012-01-18 07:53:50.400 CET" Interest="1.0" Kind="selection" Navigation="null" OriginId="org.eclipse.jdt.ui.CompilationUnitEditor" StartDate="2012-01-18 07:53:50.400 CET" StructureHandle="=indexer/test&amp;lt;jiten.searcher{SearcherTest.java" StructureKind="java"/><InteractionEvent Delta="null" EndDate="2012-01-17 08:51:08.763 CET" Interest="1.0" Kind="selection" Navigation="null" OriginId="org.eclipse.jdt.ui.CompilationUnitEditor" StartDate="2012-01-17 08:51:08.763 CET" StructureHandle="=indexer/src&amp;lt;jiten.model{PartOfSpeech.java[PartOfSpeech^VZ" StructureKind="java"/><InteractionEvent Delta="null" EndDate="2012-01-17 08:51:15.938 CET" Interest="1.0" Kind="edit" Navigation="null" OriginId="org.eclipse.jdt.ui.CompilationUnitEditor" StartDate="2012-01-17 08:51:15.938 CET" StructureHandle="=indexer/src&amp;lt;jiten.model{PartOfSpeech.java[PartOfSpeech^VZ" StructureKind="java"/><InteractionEvent Delta="null" EndDate="2012-01-17 18:26:34.21 CET" Interest="1.0" Kind="selection" Navigation="null" OriginId="org.eclipse.jdt.ui.CompilationUnitEditor" StartDate="2012-01-17 18:26:34.21 CET" StructureHandle="=indexer/src&amp;lt;jiten.model{Sense.java[Sense~getPartOfSpeech" StructureKind="java"/><InteractionEvent Delta="null" EndDate="2012-01-18 15:00:42.815 CET" Interest="25.817" Kind="propagation" Navigation="org.eclipse.mylyn.core.model.edges.containment" OriginId="org.eclipse.mylyn.core.model.interest.propagation" StartDate="2012-01-18 07:53:52.412 CET" StructureHandle="=indexer/test&amp;lt;jiten.searcher{SearcherTest.java[SearcherTest" StructureKind="java" NumEvents="37" CreationCount="744"/><InteractionEvent Delta="null" EndDate="2012-01-17 18:37:41.750 CET" Interest="4.0" Kind="selection" Navigation="null" OriginId="org.eclipse.jdt.ui.CompilationUnitEditor" StartDate="2012-01-17 18:36:14.389 CET" StructureHandle="=indexer/src&amp;lt;jiten.model{Entry.java[Entry~readEntry~QObjectInputStream;" StructureKind="java" NumEvents="4" CreationCount="439"/><InteractionEvent Delta="null" EndDate="2012-01-17 18:36:22.314 CET" Interest="6.0" Kind="edit" Navigation="null" OriginId="org.eclipse.jdt.ui.CompilationUnitEditor" StartDate="2012-01-17 18:36:16.370 CET" StructureHandle="=indexer/src&amp;lt;jiten.model{Entry.java[Entry~readEntry~QObjectInputStream;" StructureKind="java" NumEvents="6" CreationCount="439"/><InteractionEvent Delta="null" EndDate="2012-01-17 08:50:07.984 CET" Interest="1.0" Kind="selection" Navigation="null" OriginId="org.eclipse.jdt.ui.CompilationUnitEditor" StartDate="2012-01-17 08:50:07.984 CET" StructureHandle="=indexer/src&amp;lt;jiten.model{PartOfSpeech.java[PartOfSpeech^vss" StructureKind="java"/><InteractionEvent Delta="null" EndDate="2012-01-18 07:48:18.231 CET" Interest="67.672" Kind="propagation" Navigation="org.eclipse.mylyn.core.model.edges.containment" OriginId="org.eclipse.mylyn.core.model.interest.propagation" StartDate="2012-01-17 08:47:56.622 CET" StructureHandle="=indexer/src" StructureKind="java" NumEvents="99" CreationCount="27"/><InteractionEvent Delta="null" EndDate="2012-01-18 07:48:22.397 CET" Interest="1.0" Kind="propagation" Navigation="org.eclipse.mylyn.core.model.edges.containment" OriginId="org.eclipse.mylyn.core.model.interest.propagation" StartDate="2012-01-18 07:48:22.397 CET" StructureHandle="=indexer/C:\/Program Files\/Java\/jdk1.6.0_26\/jre\/lib\/rt.jar&amp;lt;java.lang" StructureKind="java"/><InteractionEvent Delta="null" EndDate="2012-01-18 15:00:42.815 CET" Interest="38.0" Kind="propagation" Navigation="null" OriginId="org.eclipse.jdt.ui.CompilationUnitEditor" StartDate="2012-01-18 07:53:50.400 CET" StructureHandle="/indexer/test/jiten/searcher/SearcherTest.java" StructureKind="resource" NumEvents="38" CreationCount="743"/><InteractionEvent Delta="null" EndDate="2012-01-18 15:00:42.815 CET" Interest="35.932" Kind="propagation" Navigation="org.eclipse.mylyn.core.model.edges.containment" OriginId="org.eclipse.mylyn.core.model.interest.propagation" StartDate="2012-01-17 18:17:41.540 CET" StructureHandle="=indexer/test" StructureKind="java" NumEvents="49" CreationCount="149"/><InteractionEvent Delta="null" EndDate="2012-01-17 08:49:52.934 CET" Interest="2.417" Kind="propagation" Navigation="org.eclipse.mylyn.core.model.edges.containment" OriginId="org.eclipse.mylyn.core.model.interest.propagation" StartDate="2012-01-17 08:49:17.681 CET" StructureHandle="=indexer/src&amp;lt;jiten.model{PartOfSpeech.java[PartOfSpeech" StructureKind="java" NumEvents="4" CreationCount="36"/><InteractionEvent Delta="null" EndDate="2012-01-17 17:52:47.619 CET" Interest="4.0" Kind="selection" Navigation="null" OriginId="org.eclipse.jdt.ui.CompilationUnitEditor" StartDate="2012-01-17 08:49:16.560 CET" StructureHandle="=indexer/src&amp;lt;jiten.model{PartOfSpeech.java[PartOfSpeech" StructureKind="java" NumEvents="4" CreationCount="36"/><InteractionEvent Delta="null" EndDate="2012-01-17 08:53:20.614 CET" Interest="51.0" Kind="edit" Navigation="null" OriginId="org.eclipse.jdt.ui.CompilationUnitEditor" StartDate="2012-01-17 08:50:27.455 CET" StructureHandle="=indexer/src&amp;lt;jiten.model{PartOfSpeech.java[PartOfSpeech" StructureKind="java" NumEvents="51" CreationCount="36"/><InteractionEvent Delta="null" EndDate="2012-01-17 18:30:14.372 CET" Interest="0.34300005" Kind="manipulation" Navigation="null" OriginId="org.eclipse.mylyn.core.model.interest.decay.correction" StartDate="2012-01-17 18:30:14.372 CET" StructureHandle="=indexer/src&amp;lt;jiten.model{Sense.java[Sense~getGlossString~QLanguage;" StructureKind="java"/><InteractionEvent Delta="null" EndDate="2012-01-18 15:01:21.441 CET" Interest="3.0" Kind="selection" Navigation="null" OriginId="org.eclipse.jdt.ui.CompilationUnitEditor" StartDate="2012-01-17 18:26:06.441 CET" StructureHandle="=indexer/src&amp;lt;jiten.model{Sense.java[Sense~getGlossString~QLanguage;" StructureKind="java" NumEvents="3" CreationCount="702"/><InteractionEvent Delta="null" EndDate="2012-01-17 18:26:22.119 CET" Interest="0.306" Kind="manipulation" Navigation="null" OriginId="org.eclipse.mylyn.core.model.interest.decay.correction" StartDate="2012-01-17 18:26:22.119 CET" StructureHandle="=indexer/src&amp;lt;jiten.model{Sense.java[Sense^partOfSpeech" StructureKind="java"/><InteractionEvent Delta="null" EndDate="2012-01-17 18:26:22.119 CET" Interest="2.0" Kind="selection" Navigation="null" OriginId="org.eclipse.jdt.ui.CompilationUnitEditor" StartDate="2012-01-17 18:15:23.525 CET" StructureHandle="=indexer/src&amp;lt;jiten.model{Sense.java[Sense^partOfSpeech" StructureKind="java" NumEvents="2" CreationCount="134"/><InteractionEvent Delta="null" EndDate="2012-01-17 18:26:29.185 CET" Interest="5.0" Kind="edit" Navigation="null" OriginId="org.eclipse.jdt.ui.CompilationUnitEditor" StartDate="2012-01-17 18:15:25.475 CET" StructureHandle="=indexer/src&amp;lt;jiten.model{Sense.java[Sense^partOfSpeech" StructureKind="java" NumEvents="5" CreationCount="134"/><InteractionEvent Delta="null" EndDate="2012-01-17 18:36:01.706 CET" Interest="1.0" Kind="selection" Navigation="null" OriginId="org.eclipse.jdt.ui.CompilationUnitEditor" StartDate="2012-01-17 18:36:01.706 CET" StructureHandle="=indexer/test&amp;lt;jiten.model{SerializationTest.java[SerializationTest~serializeToByteArray~QEntry;" StructureKind="java"/><InteractionEvent Delta="null" EndDate="2012-01-18 07:48:22.397 CET" Interest="1.0" Kind="selection" Navigation="null" OriginId="org.eclipse.jdt.ui.ClassFileEditor" StartDate="2012-01-18 07:48:22.397 CET" StructureHandle="=indexer/C:\/Program Files\/Java\/jdk1.6.0_26\/jre\/lib\/rt.jar&amp;lt;java.lang(Enum.class[Enum~valueOf~Ljava.lang.Class\&amp;lt;TT;&amp;gt;;~Ljava.lang.String;" StructureKind="java"/><InteractionEvent Delta="null" EndDate="2012-01-17 18:20:59.962 CET" Interest="5.0" Kind="selection" Navigation="null" OriginId="org.eclipse.jdt.ui.CompilationUnitEditor" StartDate="2012-01-17 18:15:08.268 CET" StructureHandle="=indexer/src&amp;lt;jiten.model{Sense.java[Sense^glosses" StructureKind="java" NumEvents="5" CreationCount="118"/><InteractionEvent Delta="null" EndDate="2012-01-17 08:49:50.615 CET" Interest="0.6720002" Kind="propagation" Navigation="org.eclipse.mylyn.core.model.edges.containment" OriginId="org.eclipse.mylyn.core.model.interest.propagation" StartDate="2012-01-17 08:47:57.244 CET" StructureHandle="=indexer/src&amp;lt;jiten.model{Language.java" StructureKind="java" NumEvents="2" CreationCount="27"/><InteractionEvent Delta="null" EndDate="2012-01-17 18:14:54.244 CET" Interest="4.0" Kind="selection" Navigation="null" OriginId="org.eclipse.jdt.ui.CompilationUnitEditor" StartDate="2012-01-17 08:47:56.622 CET" StructureHandle="=indexer/src&amp;lt;jiten.model{Language.java" StructureKind="java" NumEvents="4" CreationCount="27"/><InteractionEvent Delta="null" EndDate="2012-01-18 07:48:18.231 CET" Interest="273.0" Kind="propagation" Navigation="null" OriginId="org.eclipse.jdt.ui.CompilationUnitEditor" StartDate="2012-01-17 18:23:34.824 CET" StructureHandle="/indexer/src/Indexer.java" StructureKind="resource" NumEvents="273" CreationCount="206"/><InteractionEvent Delta="null" EndDate="2012-01-18 15:01:21.441 CET" Interest="347.0" Kind="propagation" Navigation="org.eclipse.mylyn.core.model.edges.containment" OriginId="org.eclipse.mylyn.core.model.interest.propagation" StartDate="2012-01-17 08:47:56.622 CET" StructureHandle="/indexer/src/jiten" StructureKind="resource" NumEvents="347" CreationCount="27"/><InteractionEvent Delta="null" EndDate="2012-01-18 15:01:22.549 CET" Interest="6.0" Kind="selection" Navigation="null" OriginId="org.eclipse.jdt.ui.CompilationUnitEditor" StartDate="2012-01-17 18:17:45.767 CET" StructureHandle="=indexer/test&amp;lt;jiten.model{SerializationTest.java[SerializationTest~setUp" StructureKind="java" NumEvents="6" CreationCount="151"/><InteractionEvent Delta="null" EndDate="2012-01-17 18:29:53.93 CET" Interest="19.0" Kind="edit" Navigation="null" OriginId="org.eclipse.jdt.ui.CompilationUnitEditor" StartDate="2012-01-17 18:17:55.190 CET" StructureHandle="=indexer/test&amp;lt;jiten.model{SerializationTest.java[SerializationTest~setUp" StructureKind="java" NumEvents="19" CreationCount="151"/></InteractionHistory>